"site","date_time","sp"
"10","2021-03-14 14:30:39","Vulpes vulpes"
"10","2021-06-29 05:14:39","Vulpes vulpes"
"10B","2021-10-17 04:33:06","Vulpes vulpes"
"10B","2021-10-17 22:57:13","Vulpes vulpes"
"10B","2021-10-22 14:41:10","Vulpes vulpes"
"10B","2021-10-23 02:47:13","Vulpes vulpes"
"10B","2021-10-24 19:53:46","Vulpes vulpes"
"10B","2021-10-25 09:54:01","Vulpes vulpes"
"10B","2021-10-26 19:34:28","Vulpes vulpes"
"10B","2021-10-26 21:41:40","Vulpes vulpes"
"10B","2021-10-28 00:01:00","Vulpes vulpes"
"10B","2021-10-28 19:21:52","Vulpes vulpes"
"10B","2021-10-28 20:45:11","Vulpes vulpes"
"10B","2021-11-02 08:35:40","Vulpes vulpes"
"10B","2021-11-02 23:59:15","Vulpes vulpes"
"10B","2021-11-04 22:27:36","Vulpes vulpes"
"10B","2021-11-05 15:20:46","Vulpes vulpes"
"10B","2021-11-05 17:26:00","Vulpes vulpes"
"10B","2021-11-05 20:02:32","Vulpes vulpes"
"10B","2021-11-05 22:45:14","Vulpes vulpes"
"10B","2021-11-06 19:00:00","Vulpes vulpes"
"10B","2021-11-07 19:03:42","Vulpes vulpes"
"10B","2021-11-08 03:05:05","Vulpes vulpes"
"10B","2021-11-08 05:56:57","Vulpes vulpes"
"10B","2021-11-09 09:56:28","Vulpes vulpes"
"10B","2021-11-09 19:42:50","Vulpes vulpes"
"10B","2021-11-10 15:19:42","Vulpes vulpes"
"10B","2021-11-11 18:29:58","Vulpes vulpes"
"10B","2021-11-15 03:12:46","Vulpes vulpes"
"10B","2021-11-15 15:52:20","Vulpes vulpes"
"10B","2021-11-16 18:37:57","Vulpes vulpes"
"10B","2021-11-16 20:38:55","Vulpes vulpes"
"10B","2021-11-17 13:32:48","Vulpes vulpes"
"10B","2021-11-18 08:31:02","Vulpes vulpes"
"10B","2021-11-18 22:23:18","Vulpes vulpes"
"10B","2021-11-19 01:33:09","Vulpes vulpes"
"10B","2021-11-19 04:27:45","Vulpes vulpes"
"10B","2021-11-22 15:23:31","Vulpes vulpes"
"10B","2021-11-27 22:31:27","Vulpes vulpes"
"10B","2021-11-28 08:05:51","Vulpes vulpes"
"10B","2021-11-30 01:37:51","Vulpes vulpes"
"10B","2021-12-02 21:45:02","Vulpes vulpes"
"10B","2021-12-05 21:07:22","Vulpes vulpes"
"10B","2021-12-07 18:13:32","Vulpes vulpes"
"10B","2021-12-10 18:00:22","Vulpes vulpes"
"10B","2021-12-12 00:07:38","Vulpes vulpes"
"10B","2021-12-16 22:05:45","Vulpes vulpes"
"10B","2022-01-02 11:13:55","Vulpes vulpes"
"10B","2022-01-09 18:37:46","Vulpes vulpes"
"10B","2022-01-19 21:45:42","Vulpes vulpes"
"10B","2022-01-20 19:41:49","Vulpes vulpes"
"10B","2022-01-23 20:29:18","Vulpes vulpes"
"10B","2022-01-30 19:52:57","Vulpes vulpes"
"10B","2022-01-30 20:44:24","Meles meles"
"10B","2022-01-30 21:23:51","Lepus granatensis"
"10B","2022-02-04 10:06:46","Vulpes vulpes"
"10B","2022-02-10 19:23:03","Vulpes vulpes"
"10B","2022-02-19 22:18:08","Vulpes vulpes"
"10B","2022-02-20 18:53:19","Vulpes vulpes"
"10B","2022-02-24 14:58:06","Vulpes vulpes"
"10B","2022-03-01 23:01:38","Vulpes vulpes"
"10B","2022-03-03 19:28:19","Vulpes vulpes"
"10B","2022-03-04 00:01:57","Vulpes vulpes"
"10B","2022-03-04 05:15:17","Vulpes vulpes"
"10B","2022-03-04 18:42:11","Vulpes vulpes"
"10B","2022-03-07 12:26:26","Vulpes vulpes"
"10B","2022-03-12 14:16:38","Vulpes vulpes"
"10B","2022-03-13 11:12:31","Vulpes vulpes"
"10B","2022-03-26 07:52:52","Vulpes vulpes"
"10B","2022-03-27 19:08:33","Vulpes vulpes"
"10B","2022-04-06 05:20:33","Vulpes vulpes"
"10B","2022-04-09 07:51:48","Vulpes vulpes"
"10B","2022-04-11 08:33:24","Vulpes vulpes"
"10B","2022-04-16 22:38:31","Vulpes vulpes"
"10B","2022-04-17 19:03:33","Vulpes vulpes"
"10B","2022-04-19 03:27:51","Vulpes vulpes"
"10B","2022-04-20 03:03:39","Vulpes vulpes"
"10B","2022-04-20 16:38:26","Vulpes vulpes"
"10B","2022-04-23 05:54:09","Vulpes vulpes"
"10B","2022-04-26 11:55:14","Vulpes vulpes"
"10B","2022-04-27 10:19:15","Vulpes vulpes"
"10B","2022-04-28 11:23:33","Vulpes vulpes"
"10B","2022-05-02 12:07:51","Vulpes vulpes"
"10B","2022-05-03 07:47:24","Vulpes vulpes"
"10B","2022-05-04 07:37:19","Vulpes vulpes"
"10B","2022-05-04 19:37:34","Vulpes vulpes"
"10B","2022-05-21 22:44:20","Meles meles"
"10B","2022-05-31 07:32:19","Vulpes vulpes"
"10B","2022-06-11 05:50:07","Vulpes vulpes"
"10B","2022-06-18 20:10:58","Vulpes vulpes"
"10B","2022-07-26 02:26:42","Vulpes vulpes"
"10B","2022-07-26 23:55:18","Vulpes vulpes"
"10B","2022-07-28 23:22:04","Vulpes vulpes"
"10B","2022-07-29 02:39:59","Vulpes vulpes"
"10B","2022-07-31 04:52:46","Vulpes vulpes"
"10B","2022-08-02 19:25:42","Vulpes vulpes"
"10B","2022-08-08 00:17:28","Vulpes vulpes"
"10B","2022-08-08 20:28:06","Vulpes vulpes"
"10B","2022-08-09 05:00:11","Vulpes vulpes"
"10B","2022-08-10 04:38:13","Vulpes vulpes"
"10B","2022-08-10 19:01:39","Vulpes vulpes"
"10B","2022-08-10 20:31:23","Vulpes vulpes"
"10B","2022-08-11 03:19:05","Vulpes vulpes"
"10B","2022-08-11 06:15:07","Vulpes vulpes"
"10B","2022-08-12 04:18:49","Vulpes vulpes"
"10B","2022-08-14 02:06:31","Vulpes vulpes"
"10B","2022-08-14 06:57:35","Vulpes vulpes"
"10B","2022-08-16 08:54:54","Vulpes vulpes"
"10B","2022-08-17 04:53:23","Vulpes vulpes"
"10B","2022-08-18 02:31:41","Vulpes vulpes"
"10B","2022-08-18 23:57:22","Vulpes vulpes"
"10B","2022-08-25 01:55:39","Vulpes vulpes"
"10B","2022-08-29 21:39:58","Vulpes vulpes"
"10B","2022-09-01 18:50:02","Vulpes vulpes"
"10B","2022-09-02 05:37:22","Vulpes vulpes"
"10B","2022-09-03 03:51:08","Vulpes vulpes"
"10B","2022-09-11 00:18:44","Vulpes vulpes"
"10B","2022-09-16 22:57:41","Vulpes vulpes"
"10B","2022-09-19 22:52:41","Vulpes vulpes"
"10B","2022-09-24 19:42:14","Vulpes vulpes"
"10B","2022-09-27 19:49:58","Vulpes vulpes"
"10B","2022-09-30 22:37:54","Vulpes vulpes"
"10B","2022-10-01 22:54:02","Vulpes vulpes"
"10B","2022-10-06 01:16:01","Vulpes vulpes"
"10B","2022-10-06 19:40:07","Vulpes vulpes"
"10B","2022-10-07 00:58:37","Vulpes vulpes"
"10B","2022-10-07 23:12:24","Vulpes vulpes"
"10B","2022-10-08 04:15:23","Vulpes vulpes"
"10B","2022-10-10 23:34:33","Vulpes vulpes"
"10B","2022-10-30 22:46:58","Vulpes vulpes"
"10B","2022-11-05 18:44:10","Vulpes vulpes"
"10B","2022-11-06 18:37:45","Vulpes vulpes"
"10B","2022-11-07 19:13:43","Vulpes vulpes"
"10B","2022-11-11 13:17:57","Vulpes vulpes"
"10B","2022-11-26 22:47:30","Vulpes vulpes"
"10B","2022-11-30 17:58:02","Vulpes vulpes"
"10B","2022-12-09 21:15:16","Vulpes vulpes"
"10B","2022-12-09 22:51:08","Vulpes vulpes"
"10B","2022-12-18 15:38:17","Vulpes vulpes"
"10B","2023-01-17 21:36:21","Meles meles"
"10B","2023-01-18 05:14:39","Lepus granatensis"
"10B","2023-01-18 05:22:33","Meles meles"
"10B","2023-01-18 19:47:23","Lepus granatensis"
"10B","2023-01-18 21:49:47","Lepus granatensis"
"10B","2023-01-22 19:57:55","Meles meles"
"10B","2023-01-23 04:13:13","Lepus granatensis"
"10B","2023-01-24 21:37:34","Lepus granatensis"
"10B","2023-01-24 22:13:06","Meles meles"
"10B","2023-01-24 23:42:09","Lepus granatensis"
"10B","2023-01-25 21:53:23","Vulpes vulpes"
"10B","2023-01-25 22:49:51","Meles meles"
"10B","2023-01-26 03:29:37","Lepus granatensis"
"10B","2023-01-26 08:14:16","Vulpes vulpes"
"10B","2023-01-26 20:14:32","Meles meles"
"10B","2023-01-27 18:33:38","Meles meles"
"10B","2023-01-27 23:03:00","Lepus granatensis"
"10B","2023-01-28 04:20:56","Lepus granatensis"
"10B","2023-01-28 19:43:41","Meles meles"
"10B","2023-01-29 17:48:22","Vulpes vulpes"
"10B","2023-01-29 18:28:36","Lepus granatensis"
"10B","2023-01-29 23:16:25","Lepus granatensis"
"10B","2023-01-30 02:03:13","Lepus granatensis"
"10B","2023-01-30 06:52:51","Lepus granatensis"
"10B","2023-01-30 12:02:38","Vulpes vulpes"
"10B","2023-01-30 18:29:57","Lepus granatensis"
"10B","2023-02-04 18:38:38","Lepus granatensis"
"10B","2023-02-05 20:13:42","Lepus granatensis"
"10B","2023-02-09 20:28:18","Vulpes vulpes"
"10B","2023-02-10 18:31:14","Meles meles"
"10B","2023-02-12 18:39:04","Meles meles"
"10B","2023-02-19 22:22:53","Vulpes vulpes"
"10B","2023-02-24 00:36:55","Vulpes vulpes"
"10B","2023-02-24 02:08:56","Meles meles"
"10B","2023-02-24 04:21:37","Lepus granatensis"
"10B","2023-02-24 18:59:11","Lepus granatensis"
"10B","2023-02-26 19:19:15","Meles meles"
"10B","2023-02-27 22:53:52","Vulpes vulpes"
"10B","2023-02-28 20:25:33","Meles meles"
"10B","2023-02-28 21:08:28","Lepus granatensis"
"10B","2023-03-07 13:10:27","Vulpes vulpes"
"10B","2023-03-07 18:10:46","Vulpes vulpes"
"10B","2023-03-11 18:52:24","Vulpes vulpes"
"10B","2023-03-12 02:39:23","Vulpes vulpes"
"10B","2023-03-14 19:07:38","Meles meles"
"10B","2023-03-19 21:09:05","Vulpes vulpes"
"10B","2023-03-22 19:39:43","Meles meles"
"10B","2023-03-25 13:06:20","Vulpes vulpes"
"10B","2023-03-25 15:04:07","Vulpes vulpes"
"10B","2023-03-26 03:33:09","Meles meles"
"10B","2023-03-26 18:52:21","Vulpes vulpes"
"10B","2023-03-27 05:50:46","Meles meles"
"10B","2023-03-27 15:24:12","Vulpes vulpes"
"10B","2023-03-27 20:12:17","Meles meles"
"10B","2023-03-28 04:55:42","Meles meles"
"10B","2023-03-28 23:36:23","Vulpes vulpes"
"10B","2023-03-29 22:52:25","Vulpes vulpes"
"10B","2023-04-01 02:49:31","Vulpes vulpes"
"10B","2023-04-01 08:27:23","Vulpes vulpes"
"10B","2023-04-01 19:03:53","Vulpes vulpes"
"10B","2023-04-03 01:51:56","Vulpes vulpes"
"10B","2023-04-03 04:31:27","Meles meles"
"10B","2023-04-06 04:02:39","Meles meles"
"10B","2023-04-07 23:36:14","Vulpes vulpes"
"10B","2023-04-12 15:59:45","Vulpes vulpes"
"10B","2023-04-14 06:47:25","Vulpes vulpes"
"10B","2023-04-17 16:22:39","Vulpes vulpes"
"10B","2023-04-18 05:36:33","Vulpes vulpes"
"10B","2023-04-28 06:09:12","Vulpes vulpes"
"10B","2023-05-10 22:48:43","Vulpes vulpes"
"10B","2023-05-11 19:22:41","Vulpes vulpes"
"10B","2023-05-13 00:43:05","Vulpes vulpes"
"10B","2023-05-13 19:32:24","Vulpes vulpes"
"10B","2023-05-14 23:45:01","Vulpes vulpes"
"10B","2023-05-15 20:12:13","Vulpes vulpes"
"10B","2023-05-16 06:09:56","Vulpes vulpes"
"10B","2023-05-17 05:43:23","Vulpes vulpes"
"10B","2023-05-17 19:56:10","Vulpes vulpes"
"10B","2023-05-18 19:50:09","Vulpes vulpes"
"10B","2023-05-18 22:11:56","Vulpes vulpes"
"10B","2023-05-19 19:50:17","Vulpes vulpes"
"10B","2023-05-20 18:14:49","Vulpes vulpes"
"10B","2023-05-20 19:45:28","Vulpes vulpes"
"10B","2023-05-21 03:18:21","Vulpes vulpes"
"10B","2023-05-21 17:15:50","Vulpes vulpes"
"10B","2023-05-21 19:47:11","Vulpes vulpes"
"10B","2023-05-21 21:25:10","Vulpes vulpes"
"10B","2023-05-21 22:44:09","Meles meles"
"10B","2023-05-22 06:34:11","Vulpes vulpes"
"10B","2023-05-22 17:23:20","Vulpes vulpes"
"10B","2023-05-22 20:08:58","Meles meles"
"10B","2023-05-22 22:45:25","Meles meles"
"10B","2023-05-23 04:29:15","Meles meles"
"10B","2023-05-23 07:28:59","Vulpes vulpes"
"10B","2023-05-23 15:21:43","Vulpes vulpes"
"10B","2023-05-23 16:02:10","Vulpes vulpes"
"10B","2023-05-23 17:46:46","Vulpes vulpes"
"10B","2023-05-24 09:45:46","Vulpes vulpes"
"10B","2023-05-24 16:54:58","Vulpes vulpes"
"10B","2023-05-24 23:15:31","Vulpes vulpes"
"10B","2023-05-25 02:11:17","Vulpes vulpes"
"10B","2023-05-25 20:04:14","Vulpes vulpes"
"10B","2023-05-25 20:48:59","Vulpes vulpes"
"10B","2023-05-25 22:13:50","Vulpes vulpes"
"10B","2023-05-26 14:40:42","Herpestes ichneumon"
"10B","2023-05-26 19:56:33","Vulpes vulpes"
"10B","2023-05-26 20:59:12","Vulpes vulpes"
"10B","2023-05-27 03:46:39","Vulpes vulpes"
"10B","2023-05-27 17:05:58","Vulpes vulpes"
"10B","2023-05-27 21:00:46","Meles meles"
"10B","2023-05-28 22:54:01","Vulpes vulpes"
"10B","2023-05-29 01:31:04","Meles meles"
"10B","2023-05-29 21:39:56","Vulpes vulpes"
"10B","2023-05-29 22:04:03","Meles meles"
"10B","2023-05-29 22:44:30","Meles meles"
"10B","2023-05-30 04:10:50","Vulpes vulpes"
"10B","2023-05-30 06:43:30","Vulpes vulpes"
"10B","2023-05-30 20:25:21","Vulpes vulpes"
"10B","2023-05-31 00:38:54","Vulpes vulpes"
"10B","2023-05-31 02:00:21","Vulpes vulpes"
"10B","2023-05-31 20:05:53","Meles meles"
"10B","2023-06-01 00:00:49","Vulpes vulpes"
"10B","2023-06-01 20:17:40","Meles meles"
"10B","2023-06-02 07:36:56","Vulpes vulpes"
"10B","2023-06-02 22:11:58","Vulpes vulpes"
"10B","2023-06-03 01:13:16","Vulpes vulpes"
"10B","2023-06-03 02:08:59","Vulpes vulpes"
"10B","2023-06-03 04:22:31","Vulpes vulpes"
"10B","2023-06-03 04:54:44","Vulpes vulpes"
"10B","2023-06-03 12:17:21","Vulpes vulpes"
"10B","2023-06-03 20:14:24","Meles meles"
"10B","2023-06-03 23:25:08","Vulpes vulpes"
"10B","2023-06-04 00:53:57","Vulpes vulpes"
"10B","2023-06-04 08:23:16","Vulpes vulpes"
"10B","2023-06-04 20:38:20","Meles meles"
"10B","2023-06-04 22:38:06","Vulpes vulpes"
"10B","2023-06-05 00:31:15","Vulpes vulpes"
"10B","2023-06-05 04:25:15","Vulpes vulpes"
"10B","2023-06-05 20:10:33","Vulpes vulpes"
"10B","2023-06-05 21:45:47","Vulpes vulpes"
"10B","2023-06-06 19:43:45","Meles meles"
"10B","2023-06-06 20:20:58","Vulpes vulpes"
"10B","2023-06-06 23:31:23","Vulpes vulpes"
"10B","2023-06-07 02:55:32","Vulpes vulpes"
"10B","2023-06-07 19:56:04","Vulpes vulpes"
"10B","2023-06-08 03:17:54","Vulpes vulpes"
"10B","2023-06-08 04:17:53","Meles meles"
"10B","2023-06-08 08:26:14","Vulpes vulpes"
"10B","2023-06-09 00:20:15","Vulpes vulpes"
"10B","2023-06-09 06:28:27","Vulpes vulpes"
"10B","2023-06-09 22:26:32","Vulpes vulpes"
"10B","2023-06-09 22:57:00","Vulpes vulpes"
"10B","2023-06-10 19:35:39","Vulpes vulpes"
"10B","2023-06-10 20:12:52","Meles meles"
"10B","2023-06-11 01:55:12","Vulpes vulpes"
"10B","2023-06-11 06:34:58","Vulpes vulpes"
"10B","2023-06-11 19:30:48","Vulpes vulpes"
"10B","2023-06-11 22:07:50","Vulpes vulpes"
"10B","2023-06-12 01:06:44","Vulpes vulpes"
"10B","2023-06-12 17:12:11","Vulpes vulpes"
"10B","2023-07-05 23:22:49","Vulpes vulpes"
"10B","2023-07-06 21:46:44","Vulpes vulpes"
"10B","2023-07-07 02:52:21","Vulpes vulpes"
"10B","2023-07-07 18:13:30","Vulpes vulpes"
"10B","2023-07-08 01:47:59","Vulpes vulpes"
"10B","2023-07-08 04:24:40","Vulpes vulpes"
"10B","2023-07-08 09:00:30","Vulpes vulpes"
"10B","2023-07-09 20:10:01","Vulpes vulpes"
"10B","2023-07-11 20:24:04","Vulpes vulpes"
"10B","2023-07-13 06:00:32","Vulpes vulpes"
"10B","2023-07-14 21:39:53","Vulpes vulpes"
"10B","2023-07-15 21:39:59","Vulpes vulpes"
"10B","2023-07-16 05:24:59","Vulpes vulpes"
"10B","2023-07-17 19:51:25","Vulpes vulpes"
"10B","2023-07-18 19:54:47","Vulpes vulpes"
"10B","2023-07-19 22:53:02","Vulpes vulpes"
"10B","2023-07-20 00:40:52","Vulpes vulpes"
"10B","2023-07-20 04:42:06","Vulpes vulpes"
"10B","2023-07-22 03:40:35","Vulpes vulpes"
"10B","2023-07-22 19:41:03","Vulpes vulpes"
"10B","2023-07-23 20:40:09","Vulpes vulpes"
"10B","2023-07-26 12:47:00","Herpestes ichneumon"
"10B","2023-07-27 23:00:41","Vulpes vulpes"
"10B","2023-07-27 23:36:45","Vulpes vulpes"
"10B","2023-07-29 01:15:00","Vulpes vulpes"
"10B","2023-07-30 04:59:20","Vulpes vulpes"
"10B","2023-07-30 22:30:59","Vulpes vulpes"
"10B","2023-07-31 01:26:01","Vulpes vulpes"
"10B","2023-07-31 02:17:56","Vulpes vulpes"
"10B","2023-08-01 02:26:39","Vulpes vulpes"
"10B","2023-08-01 04:16:04","Vulpes vulpes"
"10B","2023-08-02 19:54:18","Vulpes vulpes"
"10B","2023-08-03 17:47:46","Vulpes vulpes"
"10B","2023-08-04 00:35:47","Vulpes vulpes"
"10B","2023-08-05 04:07:45","Vulpes vulpes"
"10B","2023-08-05 20:16:11","Vulpes vulpes"
"10B","2023-10-04 18:58:29","Vulpes vulpes"
"10B","2023-10-05 04:28:38","Lepus granatensis"
"10B","2023-10-08 05:09:57","Vulpes vulpes"
"10B","2023-10-08 20:50:36","Vulpes vulpes"
"10B","2023-10-09 00:45:16","Vulpes vulpes"
"10B","2023-10-09 05:54:37","Vulpes vulpes"
"10B","2023-10-09 22:35:38","Lepus granatensis"
"10B","2023-10-10 20:20:15","Vulpes vulpes"
"10B","2023-10-11 19:28:28","Vulpes vulpes"
"10B","2023-10-11 20:22:55","Vulpes vulpes"
"10B","2023-10-12 22:20:33","Vulpes vulpes"
"10B","2023-10-13 00:23:21","Vulpes vulpes"
"10B","2023-10-13 19:38:38","Vulpes vulpes"
"10B","2023-10-13 20:50:05","Vulpes vulpes"
"10B","2023-10-14 00:30:58","Vulpes vulpes"
"10B","2023-10-14 16:48:05","Herpestes ichneumon"
"10B","2023-10-14 19:34:49","Vulpes vulpes"
"10B","2023-10-15 03:05:53","Vulpes vulpes"
"10B","2023-10-15 20:17:16","Vulpes vulpes"
"10B","2023-10-15 21:52:52","Vulpes vulpes"
"10B","2023-10-15 23:27:32","Vulpes vulpes"
"10B","2023-10-16 02:43:25","Vulpes vulpes"
"10B","2023-10-16 18:48:58","Vulpes vulpes"
"10B","2023-10-16 20:54:26","Vulpes vulpes"
"10B","2023-10-16 22:49:09","Vulpes vulpes"
"10B","2023-10-17 05:34:40","Vulpes vulpes"
"10B","2023-10-17 19:05:19","Vulpes vulpes"
"10B","2023-10-17 22:02:35","Vulpes vulpes"
"10B","2023-10-18 01:05:25","Vulpes vulpes"
"10B","2023-10-18 02:40:41","Vulpes vulpes"
"10B","2023-10-18 05:06:33","Vulpes vulpes"
"10B","2023-10-18 18:34:22","Vulpes vulpes"
"10B","2023-10-19 17:37:59","Vulpes vulpes"
"10B","2023-10-19 23:26:58","Vulpes vulpes"
"10B","2023-10-20 00:57:33","Vulpes vulpes"
"10B","2023-10-20 05:26:55","Vulpes vulpes"
"10B","2023-10-20 14:54:38","Vulpes vulpes"
"10B","2023-10-20 22:21:54","Vulpes vulpes"
"10B","2023-10-21 02:47:11","Vulpes vulpes"
"10B","2023-10-21 16:57:44","Vulpes vulpes"
"10B","2023-10-21 19:34:44","Vulpes vulpes"
"10B","2023-10-22 02:40:40","Vulpes vulpes"
"10B","2023-10-22 17:50:18","Vulpes vulpes"
"10B","2023-10-23 13:39:33","Vulpes vulpes"
"10B","2023-10-23 22:06:32","Vulpes vulpes"
"10B","2023-10-24 21:44:33","Vulpes vulpes"
"10B","2023-10-26 19:34:22","Meles meles"
"10B","2023-10-26 20:26:49","Vulpes vulpes"
"10B","2023-10-28 17:19:25","Vulpes vulpes"
"10B","2023-10-29 18:22:12","Vulpes vulpes"
"10B","2023-10-30 05:13:55","Vulpes vulpes"
"10B","2023-10-30 18:15:31","Vulpes vulpes"
"10B","2023-10-30 23:02:00","Vulpes vulpes"
"10B","2023-10-31 16:50:25","Vulpes vulpes"
"10B","2023-11-01 13:50:41","Vulpes vulpes"
"10B","2023-11-01 19:40:46","Vulpes vulpes"
"10B","2023-11-02 07:15:10","Vulpes vulpes"
"10B","2023-11-02 14:39:53","Vulpes vulpes"
"10B","2023-11-02 18:45:24","Vulpes vulpes"
"10B","2023-11-03 00:51:11","Vulpes vulpes"
"10B","2023-11-03 18:01:39","Vulpes vulpes"
"10B","2023-11-04 01:13:42","Vulpes vulpes"
"10B","2023-11-04 04:47:40","Vulpes vulpes"
"10B","2023-11-04 18:11:49","Vulpes vulpes"
"10B","2023-11-07 00:03:04","Vulpes vulpes"
"10B","2023-11-07 23:46:07","Vulpes vulpes"
"10B","2023-11-09 05:58:14","Vulpes vulpes"
"10B","2023-11-09 06:32:43","Vulpes vulpes"
"10B","2023-11-09 09:30:54","Vulpes vulpes"
"10B","2023-11-10 18:29:35","Vulpes vulpes"
"10B","2023-11-11 17:50:55","Vulpes vulpes"
"10B","2023-11-13 15:13:45","Vulpes vulpes"
"10B","2023-11-13 19:11:29","Meles meles"
"10B","2023-11-15 23:46:46","Vulpes vulpes"
"10B","2023-11-16 17:55:01","Vulpes vulpes"
"10B","2023-11-16 20:33:10","Meles meles"
"10B","2023-11-16 20:49:12","Vulpes vulpes"
"10B","2023-11-17 19:47:26","Lepus granatensis"
"10B","2023-11-18 13:41:49","Vulpes vulpes"
"10B","2023-11-18 21:08:13","Meles meles"
"10B","2023-11-19 18:35:28","Vulpes vulpes"
"10B","2023-11-21 18:36:38","Meles meles"
"10B","2023-11-21 20:18:08","Vulpes vulpes"
"10B","2023-11-22 06:44:40","Lepus granatensis"
"10B","2023-11-22 18:37:18","Lepus granatensis"
"10B","2023-11-22 21:54:41","Vulpes vulpes"
"10B","2023-11-23 01:28:20","Lepus granatensis"
"10B","2023-11-23 03:58:08","Lepus granatensis"
"10B","2023-11-24 10:28:01","Vulpes vulpes"
"10B","2023-11-24 19:31:02","Lepus granatensis"
"10B","2023-11-24 20:27:19","Lepus granatensis"
"10B","2023-11-25 05:45:16","Lepus granatensis"
"10B","2023-11-25 18:22:49","Vulpes vulpes"
"10B","2023-11-27 18:14:06","Lepus granatensis"
"10B","2023-11-28 19:55:50","Vulpes vulpes"
"10B","2023-11-30 18:37:40","Vulpes vulpes"
"10B","2023-12-01 06:27:39","Lepus granatensis"
"10B","2023-12-01 09:46:33","Vulpes vulpes"
"10B","2023-12-01 18:44:35","Vulpes vulpes"
"10B","2023-12-01 19:17:31","Meles meles"
"10B","2023-12-01 20:36:30","Vulpes vulpes"
"10B","2023-12-01 22:11:20","Lepus granatensis"
"10B","2023-12-02 12:19:11","Vulpes vulpes"
"10B","2023-12-04 10:52:11","Vulpes vulpes"
"10B","2023-12-04 12:52:52","Vulpes vulpes"
"10B","2023-12-05 17:55:40","Lepus granatensis"
"10B","2023-12-06 17:51:35","Lepus granatensis"
"10B","2023-12-07 03:05:25","Vulpes vulpes"
"10B","2023-12-08 18:27:23","Vulpes vulpes"
"10B","2023-12-10 17:49:36","Lepus granatensis"
"10B","2023-12-11 19:04:10","Vulpes vulpes"
"10B","2023-12-12 12:07:31","Vulpes vulpes"
"10B","2023-12-12 16:13:06","Vulpes vulpes"
"10B","2023-12-13 17:50:48","Vulpes vulpes"
"10B","2023-12-14 08:47:38","Vulpes vulpes"
"10B","2023-12-14 12:56:21","Vulpes vulpes"
"10B","2023-12-14 20:03:29","Meles meles"
"10B","2023-12-15 06:57:04","Lepus granatensis"
"10B","2023-12-15 19:24:37","Vulpes vulpes"
"10B","2023-12-15 21:16:15","Vulpes vulpes"
"10B","2023-12-16 18:25:32","Lepus granatensis"
"10B","2023-12-16 21:44:31","Vulpes vulpes"
"10B","2023-12-17 15:40:17","Vulpes vulpes"
"10B","2023-12-18 18:04:50","Vulpes vulpes"
"10B","2023-12-19 14:16:07","Vulpes vulpes"
"10B","2023-12-19 17:50:20","Lepus granatensis"
"10B","2023-12-19 18:20:45","Lepus granatensis"
"10B","2023-12-20 19:47:36","Meles meles"
"10B","2023-12-21 20:02:13","Vulpes vulpes"
"10B","2023-12-24 15:46:59","Vulpes vulpes"
"10B","2023-12-24 19:51:48","Vulpes vulpes"
"10B","2023-12-26 16:48:09","Vulpes vulpes"
"10B","2023-12-28 11:07:32","Vulpes vulpes"
"10B","2023-12-29 00:50:14","Lepus granatensis"
"10B","2023-12-29 04:21:35","Lepus granatensis"
"10B","2023-12-30 01:31:39","Meles meles"
"10B","2023-12-30 17:24:26","Vulpes vulpes"
"10B","2023-12-30 18:21:19","Lepus granatensis"
"10B","2023-12-31 18:19:00","Lepus granatensis"
"10B","2024-01-02 12:19:19","Vulpes vulpes"
"10B","2024-01-02 18:16:05","Lepus granatensis"
"10B","2024-01-03 18:16:40","Lepus granatensis"
"10B","2024-01-03 21:14:33","Lepus granatensis"
"10B","2024-01-03 22:23:10","Lepus granatensis"
"10B","2024-01-04 00:25:04","Lepus granatensis"
"10B","2024-01-04 01:35:13","Lepus granatensis"
"10B","2024-01-04 18:51:05","Vulpes vulpes"
"10B","2024-01-05 22:05:38","Lepus granatensis"
"10B","2024-01-06 01:23:42","Lepus granatensis"
"10B","2024-01-06 20:44:20","Lepus granatensis"
"10B","2024-01-07 18:22:23","Lepus granatensis"
"10B","2024-01-07 19:44:37","Lepus granatensis"
"10B","2024-01-08 19:55:15","Meles meles"
"10B","2024-01-10 18:12:57","Vulpes vulpes"
"10B","2024-01-10 20:15:30","Lepus granatensis"
"10B","2024-01-13 06:37:22","Lepus granatensis"
"10B","2024-01-13 20:00:15","Meles meles"
"10B","2024-01-14 10:14:01","Vulpes vulpes"
"10B","2024-01-14 15:36:03","Vulpes vulpes"
"10B","2024-01-17 18:21:58","Vulpes vulpes"
"10B","2024-01-17 20:30:11","Lepus granatensis"
"10B","2024-01-17 21:21:10","Lepus granatensis"
"11","2021-01-15 12:06:17","Vulpes vulpes"
"11","2021-01-18 19:28:09","Lepus granatensis"
"11","2021-01-18 19:30:40","Vulpes vulpes"
"11","2021-01-19 01:19:21","Vulpes vulpes"
"11","2021-01-19 21:21:50","Vulpes vulpes"
"11","2021-01-21 13:26:58","Vulpes vulpes"
"11","2021-01-21 21:05:34","Vulpes vulpes"
"11","2021-01-23 00:53:39","Lepus granatensis"
"11","2021-01-23 20:09:53","Vulpes vulpes"
"11","2021-01-24 22:47:48","Lepus granatensis"
"11","2021-01-26 01:30:42","Vulpes vulpes"
"11","2021-01-26 04:03:21","Meles meles"
"11","2021-01-26 04:42:41","Meles meles"
"11","2021-01-26 22:06:27","Vulpes vulpes"
"11","2021-01-27 20:45:46","Vulpes vulpes"
"11","2021-01-28 04:37:49","Vulpes vulpes"
"11","2021-01-29 20:04:03","Vulpes vulpes"
"11","2021-01-29 21:21:13","Vulpes vulpes"
"11","2021-01-30 03:28:22","Vulpes vulpes"
"11","2021-01-31 00:32:17","Vulpes vulpes"
"11","2021-02-01 19:48:43","Vulpes vulpes"
"11","2021-02-01 20:33:34","Vulpes vulpes"
"11","2021-02-02 00:38:43","Genetta genetta"
"11","2021-02-03 03:05:32","Vulpes vulpes"
"11","2021-02-03 21:21:12","Vulpes vulpes"
"11","2021-02-04 00:10:29","Vulpes vulpes"
"11","2021-02-05 03:18:32","Vulpes vulpes"
"11","2021-02-05 21:36:58","Vulpes vulpes"
"11","2021-02-07 19:59:03","Genetta genetta"
"11","2021-02-07 22:21:27","Vulpes vulpes"
"11","2021-02-08 00:40:40","Vulpes vulpes"
"11","2021-02-10 20:11:43","Vulpes vulpes"
"11","2021-02-10 23:11:54","Genetta genetta"
"11","2021-02-11 03:13:31","Vulpes vulpes"
"11","2021-02-11 23:48:21","Vulpes vulpes"
"11","2021-02-15 21:41:10","Meles meles"
"11","2021-02-16 22:37:46","Vulpes vulpes"
"11","2021-02-20 21:25:38","Vulpes vulpes"
"11","2021-02-24 04:29:56","Lepus granatensis"
"11","2021-02-24 22:55:10","Vulpes vulpes"
"11","2021-02-26 21:04:55","Vulpes vulpes"
"11","2021-03-01 01:11:28","Vulpes vulpes"
"11","2021-03-01 04:29:51","Lepus granatensis"
"11","2021-03-02 23:53:07","Vulpes vulpes"
"11","2021-03-03 23:39:31","Vulpes vulpes"
"11","2021-03-04 16:45:17","Vulpes vulpes"
"11","2021-03-04 19:24:10","Vulpes vulpes"
"11","2021-03-05 03:43:06","Lepus granatensis"
"11","2021-03-05 19:35:29","Lepus granatensis"
"11","2021-03-08 19:56:40","Vulpes vulpes"
"11","2021-03-08 20:58:27","Vulpes vulpes"
"11","2021-03-08 23:13:26","Vulpes vulpes"
"11","2021-03-09 06:45:04","Vulpes vulpes"
"11","2021-03-15 02:44:22","Genetta genetta"
"11","2021-03-15 22:36:25","Meles meles"
"11","2021-03-16 18:00:36","Vulpes vulpes"
"11","2021-03-17 01:09:54","Vulpes vulpes"
"11","2021-03-17 06:33:03","Vulpes vulpes"
"11","2021-03-22 22:22:10","Vulpes vulpes"
"11","2021-03-27 17:00:55","Vulpes vulpes"
"11","2021-03-29 06:25:02","Vulpes vulpes"
"11","2021-03-30 20:16:16","Vulpes vulpes"
"11","2021-04-02 23:44:28","Vulpes vulpes"
"11","2021-04-03 03:55:30","Genetta genetta"
"11","2021-04-06 22:52:53","Vulpes vulpes"
"11","2021-04-06 23:20:30","Meles meles"
"11","2021-04-08 03:59:36","Vulpes vulpes"
"11","2021-04-09 03:23:30","Vulpes vulpes"
"11","2021-04-09 21:52:31","Vulpes vulpes"
"11","2021-04-10 05:03:06","Genetta genetta"
"11","2021-04-10 23:55:04","Vulpes vulpes"
"11","2021-04-11 06:15:56","Lepus granatensis"
"11","2021-04-11 23:02:44","Vulpes vulpes"
"11","2021-04-12 22:08:15","Vulpes vulpes"
"11","2021-04-13 23:24:09","Vulpes vulpes"
"11","2021-04-14 05:02:54","Lepus granatensis"
"11","2021-04-14 21:44:41","Vulpes vulpes"
"11","2021-04-15 10:23:42","Vulpes vulpes"
"11","2021-04-17 22:52:52","Lepus granatensis"
"11","2021-04-18 00:20:02","Vulpes vulpes"
"11","2021-04-18 02:33:48","Vulpes vulpes"
"11","2021-04-18 23:19:11","Vulpes vulpes"
"11","2021-04-19 01:56:13","Vulpes vulpes"
"11","2021-04-19 02:16:52","Meles meles"
"11","2021-04-21 00:01:58","Vulpes vulpes"
"11","2021-04-21 18:39:57","Vulpes vulpes"
"11","2021-04-22 01:29:43","Vulpes vulpes"
"11","2021-04-22 20:07:40","Vulpes vulpes"
"11","2021-04-22 22:36:46","Lepus granatensis"
"11","2021-04-24 21:05:17","Genetta genetta"
"11","2021-04-24 21:21:01","Vulpes vulpes"
"11","2021-04-25 03:32:09","Vulpes vulpes"
"11","2021-04-25 21:21:17","Lepus granatensis"
"11","2021-04-26 00:12:31","Vulpes vulpes"
"11","2021-04-26 23:23:38","Vulpes vulpes"
"11","2021-04-28 18:35:26","Vulpes vulpes"
"11","2021-04-28 20:35:39","Vulpes vulpes"
"11","2021-04-29 23:44:28","Vulpes vulpes"
"11","2021-04-30 02:30:12","Vulpes vulpes"
"11","2021-04-30 04:21:41","Lepus granatensis"
"11","2021-04-30 15:37:42","Herpestes ichneumon"
"11","2021-05-01 08:06:01","Herpestes ichneumon"
"11","2021-05-03 19:38:25","Vulpes vulpes"
"11","2021-05-03 23:57:39","Lepus granatensis"
"11","2021-05-03 23:57:53","Vulpes vulpes"
"11","2021-05-04 22:04:24","Vulpes vulpes"
"11","2021-05-05 22:20:09","Vulpes vulpes"
"11","2021-05-06 22:23:21","Vulpes vulpes"
"11","2021-05-07 02:05:35","Vulpes vulpes"
"11","2021-05-08 03:37:56","Genetta genetta"
"11","2021-05-09 14:53:23","Vulpes vulpes"
"11","2021-05-09 22:20:08","Vulpes vulpes"
"11","2021-05-12 01:46:00","Vulpes vulpes"
"11","2021-05-14 03:00:57","Vulpes vulpes"
"11","2021-05-14 21:34:17","Meles meles"
"11","2021-05-14 21:34:22","Vulpes vulpes"
"11","2021-05-15 01:50:05","Vulpes vulpes"
"11","2021-05-16 00:21:33","Vulpes vulpes"
"11","2021-05-16 17:21:12","Vulpes vulpes"
"11","2021-05-17 00:03:33","Vulpes vulpes"
"11","2021-05-17 00:39:21","Vulpes vulpes"
"11","2021-05-18 03:48:32","Lepus granatensis"
"11","2021-05-18 21:20:57","Vulpes vulpes"
"11","2021-05-18 23:14:01","Meles meles"
"11","2021-05-18 23:58:53","Meles meles"
"11","2021-05-20 00:55:33","Vulpes vulpes"
"11","2021-05-20 03:37:40","Vulpes vulpes"
"11","2021-05-20 19:57:07","Vulpes vulpes"
"11","2021-05-24 01:00:55","Vulpes vulpes"
"11","2021-05-25 00:31:37","Genetta genetta"
"11","2021-05-27 23:03:20","Vulpes vulpes"
"11","2021-05-28 00:57:09","Vulpes vulpes"
"11","2021-05-28 19:36:41","Vulpes vulpes"
"11","2021-05-28 22:49:28","Genetta genetta"
"11","2021-05-30 01:47:33","Vulpes vulpes"
"11","2021-05-30 23:07:41","Vulpes vulpes"
"11","2021-06-01 14:21:46","Vulpes vulpes"
"11","2021-06-02 20:51:53","Vulpes vulpes"
"11","2021-06-04 22:41:22","Vulpes vulpes"
"11","2021-06-04 23:36:28","Vulpes vulpes"
"11","2021-06-05 03:39:10","Vulpes vulpes"
"11","2021-06-06 00:26:16","Vulpes vulpes"
"11","2021-06-06 21:33:13","Vulpes vulpes"
"11","2021-06-06 23:26:01","Genetta genetta"
"11","2021-06-07 20:40:43","Vulpes vulpes"
"11","2021-06-08 01:15:04","Vulpes vulpes"
"11","2021-06-08 23:27:52","Vulpes vulpes"
"11","2021-06-10 22:13:07","Vulpes vulpes"
"11","2021-06-11 21:08:21","Vulpes vulpes"
"11","2021-06-12 00:51:08","Vulpes vulpes"
"11","2021-06-14 22:17:51","Genetta genetta"
"11","2021-06-15 03:45:36","Vulpes vulpes"
"11","2021-06-16 02:18:52","Vulpes vulpes"
"11","2021-06-19 20:50:23","Vulpes vulpes"
"11","2021-06-19 23:18:15","Vulpes vulpes"
"11","2021-06-20 22:34:00","Vulpes vulpes"
"11","2021-06-22 04:27:48","Vulpes vulpes"
"11","2021-06-22 22:57:53","Vulpes vulpes"
"11","2021-06-23 05:58:39","Lepus granatensis"
"11","2021-06-24 04:43:35","Lepus granatensis"
"11","2021-06-25 04:17:24","Vulpes vulpes"
"11","2021-06-25 23:11:07","Vulpes vulpes"
"11","2021-06-26 03:14:32","Vulpes vulpes"
"11","2021-06-27 03:02:53","Lepus granatensis"
"11","2021-06-27 22:48:01","Vulpes vulpes"
"11","2021-06-28 21:44:48","Vulpes vulpes"
"11","2021-07-02 02:00:12","Vulpes vulpes"
"11","2021-07-02 18:33:53","Herpestes ichneumon"
"11","2021-07-03 22:37:27","Vulpes vulpes"
"11","2021-07-07 23:09:48","Vulpes vulpes"
"11","2021-07-08 22:39:00","Vulpes vulpes"
"11","2021-07-08 23:38:58","Genetta genetta"
"11","2021-07-09 22:40:30","Vulpes vulpes"
"11","2021-07-10 22:45:41","Vulpes vulpes"
"11","2021-07-11 01:49:41","Vulpes vulpes"
"11","2021-07-15 20:08:30","Vulpes vulpes"
"11","2021-07-16 01:49:13","Genetta genetta"
"11","2021-07-16 02:51:10","Vulpes vulpes"
"11","2021-07-17 23:34:26","Genetta genetta"
"11","2021-07-23 23:26:19","Vulpes vulpes"
"11","2021-07-25 04:10:57","Lepus granatensis"
"11","2021-07-27 02:59:51","Lepus granatensis"
"11","2021-07-28 04:22:17","Vulpes vulpes"
"11","2021-07-30 05:13:41","Vulpes vulpes"
"11","2021-07-30 23:45:34","Vulpes vulpes"
"11","2021-08-03 20:56:46","Vulpes vulpes"
"11","2021-08-05 04:19:00","Vulpes vulpes"
"11","2021-08-05 22:57:29","Vulpes vulpes"
"11","2021-08-06 02:33:40","Genetta genetta"
"11","2021-08-07 21:08:04","Vulpes vulpes"
"11","2021-08-08 21:56:23","Lepus granatensis"
"11","2021-08-09 03:03:16","Lepus granatensis"
"11","2021-08-09 03:17:44","Vulpes vulpes"
"11","2021-08-13 02:24:36","Lepus granatensis"
"11","2021-08-13 22:20:40","Vulpes vulpes"
"11","2021-08-14 03:34:40","Vulpes vulpes"
"11","2021-08-16 23:00:05","Genetta genetta"
"11","2021-08-19 21:25:55","Vulpes vulpes"
"11","2021-08-27 01:42:00","Vulpes vulpes"
"11","2021-08-27 05:21:44","Vulpes vulpes"
"11","2021-09-04 05:48:51","Lepus granatensis"
"11","2021-09-05 23:05:54","Vulpes vulpes"
"11","2021-09-06 03:14:11","Vulpes vulpes"
"11","2021-09-06 03:57:03","Vulpes vulpes"
"11","2021-09-07 01:02:48","Vulpes vulpes"
"11","2021-09-11 02:57:31","Meles meles"
"11","2021-09-13 03:47:59","Vulpes vulpes"
"11","2021-09-14 21:54:16","Vulpes vulpes"
"11","2021-09-16 00:59:52","Vulpes vulpes"
"11","2021-09-16 04:27:06","Meles meles"
"11","2021-09-16 23:09:56","Vulpes vulpes"
"11","2021-09-17 20:26:50","Vulpes vulpes"
"11","2021-09-18 04:44:54","Vulpes vulpes"
"11","2021-09-19 19:23:42","Vulpes vulpes"
"11","2021-09-23 20:21:33","Vulpes vulpes"
"11","2021-09-24 20:41:22","Genetta genetta"
"11","2021-09-25 04:36:38","Vulpes vulpes"
"11","2021-09-26 18:33:51","Lepus granatensis"
"11","2021-09-27 18:37:55","Lepus granatensis"
"11","2021-09-28 04:40:54","Meles meles"
"11","2021-09-29 23:46:37","Vulpes vulpes"
"11","2021-09-30 06:00:56","Vulpes vulpes"
"11","2021-10-01 10:27:19","Lepus granatensis"
"11","2021-10-02 20:33:47","Vulpes vulpes"
"11","2021-10-03 20:30:44","Vulpes vulpes"
"11","2021-10-06 04:52:10","Vulpes vulpes"
"11","2021-10-06 20:06:41","Vulpes vulpes"
"11","2021-10-07 21:28:48","Vulpes vulpes"
"11","2021-10-09 00:21:02","Vulpes vulpes"
"11","2021-10-11 04:08:23","Vulpes vulpes"
"11","2021-10-13 23:06:38","Vulpes vulpes"
"11","2021-10-20 04:46:16","Lepus granatensis"
"11","2021-10-22 04:21:58","Lepus granatensis"
"11","2021-10-24 21:10:38","Vulpes vulpes"
"11","2021-10-28 00:41:05","Meles meles"
"11","2021-10-28 02:23:53","Vulpes vulpes"
"11","2021-10-29 06:28:21","Lepus granatensis"
"11","2021-10-29 17:40:09","Vulpes vulpes"
"11","2021-11-02 20:52:19","Vulpes vulpes"
"11","2021-11-02 21:05:22","Meles meles"
"11","2021-11-05 01:26:27","Meles meles"
"11","2021-11-05 01:42:38","Vulpes vulpes"
"11","2021-11-07 23:31:51","Vulpes vulpes"
"11","2021-11-08 04:51:31","Vulpes vulpes"
"11","2021-11-08 05:22:38","Vulpes vulpes"
"11","2021-11-08 06:52:23","Vulpes vulpes"
"11","2021-11-11 20:15:33","Meles meles"
"11","2021-11-13 04:46:46","Vulpes vulpes"
"11","2021-11-14 06:08:48","Vulpes vulpes"
"11","2021-11-17 06:43:40","Lepus granatensis"
"11","2021-11-18 00:46:37","Meles meles"
"11","2021-11-18 20:34:39","Lepus granatensis"
"11","2021-11-20 17:08:23","Vulpes vulpes"
"11","2021-11-27 08:23:15","Vulpes vulpes"
"11","2021-11-27 20:16:28","Lepus granatensis"
"11","2021-11-28 06:47:50","Lepus granatensis"
"11","2021-11-29 18:10:20","Lepus granatensis"
"11","2021-11-30 06:49:04","Lepus granatensis"
"11","2021-12-01 00:53:55","Vulpes vulpes"
"11","2021-12-02 09:12:07","Vulpes vulpes"
"11","2021-12-03 15:54:07","Vulpes vulpes"
"11","2021-12-04 06:53:01","Lepus granatensis"
"11","2021-12-09 03:58:24","Meles meles"
"11","2021-12-09 20:00:03","Vulpes vulpes"
"11","2021-12-10 19:23:28","Lepus granatensis"
"11","2021-12-14 00:05:52","Vulpes vulpes"
"11","2021-12-14 23:47:13","Vulpes vulpes"
"11","2021-12-15 20:12:39","Meles meles"
"11","2021-12-16 20:47:22","Vulpes vulpes"
"11","2021-12-17 17:44:18","Lepus granatensis"
"11","2021-12-23 14:25:22","Vulpes vulpes"
"11","2021-12-23 19:10:19","Vulpes vulpes"
"11","2021-12-25 19:38:20","Meles meles"
"11","2021-12-29 17:41:05","Lepus granatensis"
"11","2022-01-01 17:49:39","Lepus granatensis"
"11","2022-01-03 17:57:44","Lepus granatensis"
"11","2022-01-03 20:44:10","Vulpes vulpes"
"11","2022-01-05 01:16:50","Meles meles"
"11","2022-01-05 20:05:34","Vulpes vulpes"
"11","2022-01-06 07:18:53","Lepus granatensis"
"11","2022-01-06 17:57:32","Lepus granatensis"
"11","2022-01-07 20:09:36","Vulpes vulpes"
"11","2022-01-08 19:45:32","Meles meles"
"11","2022-01-09 02:12:07","Meles meles"
"11","2022-01-09 06:59:18","Vulpes vulpes"
"11","2022-01-10 21:03:59","Lepus granatensis"
"11","2022-01-11 21:10:18","Vulpes vulpes"
"11","2022-01-12 18:22:57","Vulpes vulpes"
"11","2022-01-14 00:19:27","Vulpes vulpes"
"11","2022-01-14 00:58:38","Vulpes vulpes"
"11","2022-01-14 19:58:29","Meles meles"
"11","2022-01-15 23:52:23","Vulpes vulpes"
"11","2022-01-19 01:50:03","Lepus granatensis"
"11","2022-01-19 02:18:53","Vulpes vulpes"
"11","2022-01-20 00:21:33","Lepus granatensis"
"11","2022-01-20 00:56:22","Lepus granatensis"
"11","2022-01-21 22:57:42","Vulpes vulpes"
"11","2022-01-21 23:12:28","Herpestes ichneumon"
"11","2022-01-21 23:13:36","Meles meles"
"11","2022-01-21 23:30:18","Lepus granatensis"
"11","2022-01-24 19:36:01","Lepus granatensis"
"11","2022-01-24 22:34:42","Genetta genetta"
"11","2022-01-25 01:09:53","Vulpes vulpes"
"11","2022-01-27 05:25:59","Vulpes vulpes"
"11","2022-01-27 23:52:51","Meles meles"
"11","2022-01-29 23:35:30","Vulpes vulpes"
"11","2022-01-30 18:15:27","Lepus granatensis"
"11","2022-02-02 06:58:32","Lepus granatensis"
"11","2022-02-02 19:49:29","Lepus granatensis"
"11","2022-02-03 18:18:58","Lepus granatensis"
"11","2022-02-04 00:34:48","Meles meles"
"11","2022-02-05 18:13:22","Lepus granatensis"
"11","2022-02-06 00:13:36","Meles meles"
"11","2022-02-06 18:16:50","Lepus granatensis"
"11","2022-02-07 00:32:28","Vulpes vulpes"
"11","2022-02-08 20:51:46","Genetta genetta"
"11","2022-02-10 18:08:46","Vulpes vulpes"
"11","2022-02-11 03:10:48","Vulpes vulpes"
"11","2022-02-14 15:55:35","Vulpes vulpes"
"11","2022-02-15 03:56:48","Meles meles"
"11","2022-02-15 11:51:38","Vulpes vulpes"
"11","2022-02-15 17:55:19","Vulpes vulpes"
"11","2022-02-17 03:55:39","Vulpes vulpes"
"11","2022-02-17 06:19:12","Meles meles"
"11","2022-02-17 06:19:42","Vulpes vulpes"
"11","2022-02-18 01:25:32","Vulpes vulpes"
"11","2022-02-19 15:53:00","Vulpes vulpes"
"11","2022-02-21 20:33:16","Meles meles"
"11","2022-02-25 21:38:09","Meles meles"
"11","2022-02-27 03:15:18","Vulpes vulpes"
"11","2022-02-27 12:54:35","Vulpes vulpes"
"11","2022-02-28 20:05:22","Lepus granatensis"
"11","2022-03-04 06:01:11","Meles meles"
"11","2022-03-04 22:14:02","Vulpes vulpes"
"11","2022-03-05 01:35:51","Vulpes vulpes"
"11","2022-03-06 22:45:07","Vulpes vulpes"
"11","2022-03-08 02:06:07","Vulpes vulpes"
"11","2022-03-08 18:55:49","Lepus granatensis"
"11","2022-03-08 20:42:23","Lepus granatensis"
"11","2022-03-09 18:53:52","Lepus granatensis"
"11","2022-03-09 20:52:20","Vulpes vulpes"
"11","2022-03-11 21:55:12","Vulpes vulpes"
"11","2022-03-12 19:25:50","Meles meles"
"11","2022-03-15 03:21:56","Vulpes vulpes"
"11","2022-03-17 01:32:14","Vulpes vulpes"
"11","2022-03-18 20:04:11","Lepus granatensis"
"11","2022-03-18 22:45:17","Vulpes vulpes"
"11","2022-03-19 02:37:11","Vulpes vulpes"
"11","2022-03-19 22:31:25","Vulpes vulpes"
"11","2022-03-20 12:34:43","Vulpes vulpes"
"11","2022-03-23 19:29:58","Vulpes vulpes"
"11","2022-03-24 20:34:16","Vulpes vulpes"
"11","2022-03-25 19:38:17","Lepus granatensis"
"11","2022-03-26 19:08:47","Lepus granatensis"
"11","2022-03-26 23:45:46","Meles meles"
"11","2022-03-27 19:08:56","Lepus granatensis"
"11","2022-03-28 20:08:40","Vulpes vulpes"
"11","2022-03-29 19:00:09","Vulpes vulpes"
"11","2022-03-30 18:57:19","Vulpes vulpes"
"11","2022-04-01 04:58:20","Meles meles"
"11","2022-04-01 04:58:26","Vulpes vulpes"
"11","2022-04-01 14:35:31","Vulpes vulpes"
"11","2022-04-02 03:39:39","Vulpes vulpes"
"11","2022-04-02 20:03:21","Vulpes vulpes"
"11","2022-04-05 12:06:09","Vulpes vulpes"
"11","2022-04-10 02:41:59","Vulpes vulpes"
"11","2022-04-10 09:21:08","Herpestes ichneumon"
"11","2022-04-13 16:36:29","Vulpes vulpes"
"11","2022-04-14 23:56:36","Meles meles"
"11","2022-04-16 01:23:09","Vulpes vulpes"
"11","2022-04-17 21:36:03","Vulpes vulpes"
"11","2022-04-18 13:03:29","Herpestes ichneumon"
"11","2022-04-19 11:02:18","Meles meles"
"11","2022-04-19 11:19:53","Vulpes vulpes"
"11","2022-04-19 21:13:12","Vulpes vulpes"
"11","2022-04-25 20:49:33","Lepus granatensis"
"11","2022-04-26 19:36:24","Vulpes vulpes"
"11","2022-04-27 19:54:39","Vulpes vulpes"
"11","2022-04-28 00:19:46","Vulpes vulpes"
"11","2022-04-28 05:15:04","Lepus granatensis"
"11","2022-05-01 04:05:52","Vulpes vulpes"
"11","2022-05-02 20:36:33","Meles meles"
"11","2022-05-03 19:55:10","Lepus granatensis"
"11","2022-05-04 08:15:21","Herpestes ichneumon"
"11","2022-05-04 22:40:13","Vulpes vulpes"
"11","2022-05-04 23:35:31","Vulpes vulpes"
"11","2022-05-05 23:44:56","Vulpes vulpes"
"11","2022-05-06 22:09:43","Vulpes vulpes"
"11","2022-05-08 21:53:02","Vulpes vulpes"
"11","2022-05-09 21:23:04","Meles meles"
"11","2022-05-10 04:39:56","Vulpes vulpes"
"11","2022-05-12 23:50:52","Vulpes vulpes"
"11","2022-05-13 02:44:07","Vulpes vulpes"
"11","2022-05-13 06:54:45","Lepus granatensis"
"11","2022-05-15 18:52:03","Lepus granatensis"
"11","2022-05-17 22:03:34","Vulpes vulpes"
"11","2022-05-18 23:47:33","Vulpes vulpes"
"11","2022-05-19 17:24:30","Vulpes vulpes"
"11","2022-05-22 21:46:55","Vulpes vulpes"
"11","2022-05-24 03:19:58","Vulpes vulpes"
"11","2022-05-27 23:53:47","Vulpes vulpes"
"11","2022-05-30 19:52:40","Lepus granatensis"
"11","2022-05-31 01:23:49","Vulpes vulpes"
"11","2022-06-01 19:56:41","Lepus granatensis"
"11","2022-06-02 02:24:29","Vulpes vulpes"
"11","2022-06-02 03:33:31","Vulpes vulpes"
"11","2022-06-02 21:22:38","Vulpes vulpes"
"11","2022-06-02 23:34:58","Vulpes vulpes"
"11","2022-06-03 03:59:35","Vulpes vulpes"
"11","2022-06-05 02:34:10","Vulpes vulpes"
"11","2022-06-05 05:00:39","Vulpes vulpes"
"11","2022-06-08 00:06:57","Vulpes vulpes"
"11","2022-06-08 03:16:48","Vulpes vulpes"
"11","2022-06-08 21:36:50","Vulpes vulpes"
"11","2022-06-09 05:48:26","Vulpes vulpes"
"11","2022-06-13 20:13:01","Lepus granatensis"
"11","2022-06-14 21:31:00","Lepus granatensis"
"11","2022-06-19 16:19:00","Herpestes ichneumon"
"11","2022-06-28 20:24:07","Lepus granatensis"
"11","2022-07-02 00:06:48","Lepus granatensis"
"11","2022-07-08 01:04:33","Vulpes vulpes"
"11","2022-07-10 04:30:04","Vulpes vulpes"
"11","2022-07-17 06:28:06","Lepus granatensis"
"11","2022-07-21 04:55:47","Lepus granatensis"
"11","2022-07-22 04:50:54","Lepus granatensis"
"11","2022-07-22 20:18:02","Lepus granatensis"
"11","2022-07-22 22:59:17","Lepus granatensis"
"11","2022-07-23 00:51:29","Lepus granatensis"
"11","2022-07-23 03:12:14","Vulpes vulpes"
"11","2022-07-23 04:44:20","Lepus granatensis"
"11","2022-07-24 20:04:10","Lepus granatensis"
"11","2022-07-27 00:32:59","Genetta genetta"
"11","2022-07-27 04:31:19","Lepus granatensis"
"11","2022-07-27 21:58:29","Lepus granatensis"
"11","2022-07-29 02:03:58","Lepus granatensis"
"11","2022-07-31 04:29:01","Vulpes vulpes"
"11","2022-08-01 04:44:10","Lepus granatensis"
"11","2022-08-01 23:04:00","Lepus granatensis"
"11","2022-08-02 05:00:32","Lepus granatensis"
"11","2022-08-03 00:36:28","Vulpes vulpes"
"11","2022-08-03 21:41:21","Lepus granatensis"
"11","2022-08-03 21:42:02","Vulpes vulpes"
"11","2022-08-04 01:30:22","Vulpes vulpes"
"11","2022-08-06 01:01:48","Genetta genetta"
"11","2022-08-07 03:53:10","Vulpes vulpes"
"11","2022-08-08 05:10:09","Lepus granatensis"
"11","2022-08-10 20:53:08","Vulpes vulpes"
"11","2022-08-12 05:19:01","Lepus granatensis"
"11","2022-08-13 06:20:41","Meles meles"
"11","2022-08-13 21:06:04","Vulpes vulpes"
"11","2022-08-15 01:22:58","Vulpes vulpes"
"11","2022-08-19 06:47:41","Vulpes vulpes"
"11","2022-08-19 06:47:45","Meles meles"
"11","2022-08-24 03:43:20","Vulpes vulpes"
"11","2022-08-26 00:27:34","Meles meles"
"11","2022-08-27 05:10:19","Lepus granatensis"
"11","2022-09-01 01:32:55","Meles meles"
"11","2022-09-03 06:05:16","Vulpes vulpes"
"11","2022-09-04 19:46:01","Vulpes vulpes"
"11","2022-09-10 05:42:02","Vulpes vulpes"
"11","2022-09-11 19:09:41","Vulpes vulpes"
"11","2022-09-11 21:07:58","Vulpes vulpes"
"11","2022-09-11 23:56:18","Vulpes vulpes"
"11","2022-09-13 16:29:54","Vulpes vulpes"
"11","2022-09-15 23:53:14","Vulpes vulpes"
"11","2022-09-17 05:21:54","Meles meles"
"11","2022-09-20 22:35:22","Vulpes vulpes"
"11","2022-09-23 21:52:06","Lepus granatensis"
"11","2022-09-25 00:52:52","Vulpes vulpes"
"11","2022-09-27 03:00:37","Vulpes vulpes"
"11","2022-09-27 20:48:03","Vulpes vulpes"
"11","2022-09-28 04:47:27","Vulpes vulpes"
"11","2022-09-28 05:39:10","Vulpes vulpes"
"11","2022-10-01 05:39:38","Vulpes vulpes"
"11","2022-10-01 20:10:35","Vulpes vulpes"
"11","2022-10-06 05:59:47","Meles meles"
"11","2022-10-07 06:07:21","Vulpes vulpes"
"11","2022-10-09 22:08:51","Vulpes vulpes"
"11","2022-10-13 04:19:00","Vulpes vulpes"
"11","2022-10-15 01:54:33","Vulpes vulpes"
"11","2022-10-16 04:12:04","Vulpes vulpes"
"11","2022-10-17 00:37:27","Vulpes vulpes"
"11","2022-10-19 00:25:22","Vulpes vulpes"
"11","2022-10-23 15:20:29","Herpestes ichneumon"
"11","2022-10-23 22:19:32","Vulpes vulpes"
"11","2022-10-26 04:09:51","Vulpes vulpes"
"11","2022-10-27 02:56:24","Vulpes vulpes"
"11","2022-10-31 00:25:32","Vulpes vulpes"
"11","2022-11-01 05:53:42","Vulpes vulpes"
"11","2022-11-02 00:19:25","Vulpes vulpes"
"11","2022-11-02 02:16:16","Vulpes vulpes"
"11","2022-11-02 19:41:17","Vulpes vulpes"
"11","2022-11-03 02:07:27","Vulpes vulpes"
"11","2022-11-03 06:47:59","Lepus granatensis"
"11","2022-11-04 06:50:34","Vulpes vulpes"
"11","2022-11-04 18:14:48","Vulpes vulpes"
"11","2022-11-05 02:13:12","Vulpes vulpes"
"11","2022-11-05 04:10:16","Vulpes vulpes"
"11","2022-11-05 07:25:53","Vulpes vulpes"
"11","2022-11-06 18:25:10","Vulpes vulpes"
"11","2022-11-06 22:15:49","Vulpes vulpes"
"11","2022-11-07 01:11:05","Vulpes vulpes"
"11","2022-11-07 21:39:52","Vulpes vulpes"
"11","2022-11-10 20:18:38","Meles meles"
"11","2022-11-11 02:12:52","Vulpes vulpes"
"11","2022-11-16 03:28:32","Vulpes vulpes"
"11","2022-11-18 21:14:48","Vulpes vulpes"
"11","2022-11-19 05:40:06","Vulpes vulpes"
"11","2022-11-19 06:27:33","Vulpes vulpes"
"11","2022-11-22 02:59:33","Vulpes vulpes"
"11","2022-11-23 21:02:27","Vulpes vulpes"
"11","2022-11-24 10:53:42","Herpestes ichneumon"
"11","2022-11-24 18:36:01","Vulpes vulpes"
"11","2022-11-24 19:16:45","Vulpes vulpes"
"11","2022-11-25 18:37:20","Vulpes vulpes"
"11","2022-11-27 22:27:30","Vulpes vulpes"
"11","2022-11-28 06:41:29","Lepus granatensis"
"11","2022-12-02 21:07:57","Vulpes vulpes"
"11","2022-12-09 19:56:58","Vulpes vulpes"
"11","2022-12-09 20:43:31","Vulpes vulpes"
"11","2022-12-10 04:17:12","Meles meles"
"11","2022-12-12 21:59:21","Vulpes vulpes"
"11","2022-12-15 02:34:05","Meles meles"
"11","2022-12-17 19:29:25","Vulpes vulpes"
"11","2022-12-18 21:57:23","Vulpes vulpes"
"11","2022-12-19 21:10:10","Meles meles"
"11","2022-12-20 01:00:09","Meles meles"
"11","2023-01-18 19:22:58","Vulpes vulpes"
"11","2023-01-18 20:24:01","Meles meles"
"11","2023-01-19 02:14:04","Meles meles"
"11","2023-01-19 06:09:08","Meles meles"
"11","2023-01-19 20:38:15","Meles meles"
"11","2023-01-20 02:04:44","Vulpes vulpes"
"11","2023-01-22 05:58:57","Meles meles"
"11","2023-01-22 18:09:53","Vulpes vulpes"
"11","2023-01-22 23:37:03","Genetta genetta"
"11","2023-01-23 00:45:47","Meles meles"
"11","2023-01-23 03:11:09","Meles meles"
"11","2023-01-23 20:53:30","Meles meles"
"11","2023-01-24 06:44:03","Lepus granatensis"
"11","2023-01-24 20:40:52","Meles meles"
"11","2023-01-24 22:11:20","Meles meles"
"11","2023-01-25 23:58:47","Meles meles"
"11","2023-01-26 02:58:09","Meles meles"
"11","2023-01-27 00:59:29","Meles meles"
"11","2023-01-27 23:06:55","Vulpes vulpes"
"11","2023-01-28 18:43:32","Meles meles"
"11","2023-01-28 19:57:52","Lepus granatensis"
"11","2023-01-29 07:27:14","Meles meles"
"11","2023-01-29 18:08:08","Lepus granatensis"
"11","2023-01-29 19:38:16","Meles meles"
"11","2023-01-29 22:06:33","Vulpes vulpes"
"11","2023-01-30 06:10:28","Meles meles"
"11","2023-01-30 19:34:38","Meles meles"
"11","2023-01-31 18:58:07","Meles meles"
"11","2023-02-01 18:40:43","Meles meles"
"11","2023-02-02 02:05:41","Vulpes vulpes"
"11","2023-02-03 04:01:39","Meles meles"
"11","2023-02-03 19:08:24","Vulpes vulpes"
"11","2023-02-05 04:01:40","Meles meles"
"11","2023-02-07 20:51:53","Vulpes vulpes"
"11","2023-02-09 00:02:21","Meles meles"
"11","2023-02-09 21:09:57","Vulpes vulpes"
"11","2023-02-10 02:48:51","Meles meles"
"11","2023-02-10 21:01:41","Meles meles"
"11","2023-02-12 19:12:34","Meles meles"
"11","2023-02-14 03:58:32","Meles meles"
"11","2023-02-14 07:01:57","Lepus granatensis"
"11","2023-02-14 19:21:18","Vulpes vulpes"
"11","2023-02-16 20:58:23","Lepus granatensis"
"11","2023-02-17 02:38:28","Meles meles"
"11","2023-02-17 19:23:08","Vulpes vulpes"
"11","2023-02-18 06:09:23","Meles meles"
"11","2023-02-19 03:54:00","Meles meles"
"11","2023-02-20 19:20:28","Lepus granatensis"
"11","2023-02-20 19:47:50","Vulpes vulpes"
"11","2023-02-21 18:55:32","Lepus granatensis"
"11","2023-02-22 06:45:45","Lepus granatensis"
"11","2023-02-23 09:04:17","Herpestes ichneumon"
"11","2023-02-23 23:25:51","Vulpes vulpes"
"11","2023-02-24 02:42:54","Vulpes vulpes"
"11","2023-02-24 23:13:53","Lepus granatensis"
"11","2023-02-25 22:26:16","Vulpes vulpes"
"11","2023-02-25 23:37:04","Meles meles"
"11","2023-02-26 00:09:26","Vulpes vulpes"
"11","2023-02-26 01:58:10","Vulpes vulpes"
"11","2023-02-26 05:49:37","Lepus granatensis"
"11","2023-03-01 05:15:44","Vulpes vulpes"
"11","2023-03-01 19:13:42","Lepus granatensis"
"11","2023-03-02 19:42:35","Lepus granatensis"
"11","2023-03-02 21:34:52","Lepus granatensis"
"11","2023-03-03 19:33:53","Vulpes vulpes"
"11","2023-03-05 06:31:10","Lepus granatensis"
"11","2023-03-05 18:52:08","Lepus granatensis"
"11","2023-03-05 20:20:21","Lepus granatensis"
"11","2023-03-08 19:10:46","Lepus granatensis"
"11","2023-03-09 18:54:45","Lepus granatensis"
"11","2023-03-11 19:13:51","Lepus granatensis"
"11","2023-03-11 22:19:46","Vulpes vulpes"
"11","2023-03-12 02:57:59","Lepus granatensis"
"11","2023-03-13 19:16:17","Lepus granatensis"
"11","2023-03-14 20:15:36","Vulpes vulpes"
"11","2023-03-17 23:08:16","Vulpes vulpes"
"11","2023-03-19 19:41:16","Vulpes vulpes"
"11","2023-03-21 04:28:29","Lepus granatensis"
"11","2023-03-27 00:47:23","Vulpes vulpes"
"11","2023-03-30 23:24:36","Vulpes vulpes"
"11","2023-03-31 23:18:10","Meles meles"
"11","2023-04-02 20:41:21","Meles meles"
"11","2023-04-02 21:39:12","Vulpes vulpes"
"11","2023-04-03 02:35:45","Vulpes vulpes"
"11","2023-04-05 04:34:09","Vulpes vulpes"
"11","2023-04-05 20:47:55","Meles meles"
"11","2023-04-07 19:44:27","Vulpes vulpes"
"11","2023-04-10 03:35:35","Vulpes vulpes"
"11","2023-04-11 20:55:57","Vulpes vulpes"
"11","2023-04-12 21:16:39","Vulpes vulpes"
"11","2023-04-15 04:48:25","Vulpes vulpes"
"11","2023-04-15 19:52:47","Vulpes vulpes"
"11","2023-04-15 21:10:20","Lepus granatensis"
"11","2023-04-15 23:05:02","Lepus granatensis"
"11","2023-04-16 20:01:41","Vulpes vulpes"
"11","2023-04-17 20:18:43","Lepus granatensis"
"11","2023-04-17 22:50:22","Vulpes vulpes"
"11","2023-04-18 02:03:31","Vulpes vulpes"
"11","2023-04-19 19:38:53","Lepus granatensis"
"11","2023-04-20 20:12:28","Vulpes vulpes"
"11","2023-04-21 19:19:27","Lepus granatensis"
"11","2023-04-22 04:04:39","Meles meles"
"11","2023-04-24 05:37:11","Lepus granatensis"
"11","2023-04-26 16:04:35","Herpestes ichneumon"
"11","2023-04-26 22:25:48","Vulpes vulpes"
"11","2023-04-26 23:22:42","Vulpes vulpes"
"11","2023-04-28 04:09:47","Vulpes vulpes"
"11","2023-04-28 23:44:28","Vulpes vulpes"
"11","2023-04-29 22:51:15","Lepus granatensis"
"11","2023-04-30 03:54:55","Vulpes vulpes"
"11","2023-04-30 23:08:18","Vulpes vulpes"
"11","2023-05-01 19:05:04","Lepus granatensis"
"11","2023-05-01 21:15:11","Vulpes vulpes"
"11","2023-05-02 03:32:30","Vulpes vulpes"
"11","2023-05-03 00:14:39","Vulpes vulpes"
"11","2023-05-05 00:22:13","Vulpes vulpes"
"11","2023-05-07 03:13:15","Vulpes vulpes"
"11","2023-05-10 03:09:54","Vulpes vulpes"
"11","2023-05-10 23:51:08","Vulpes vulpes"
"11","2023-05-12 19:37:54","Vulpes vulpes"
"11","2023-05-14 04:02:18","Vulpes vulpes"
"11","2023-05-14 04:41:51","Vulpes vulpes"
"11","2023-05-15 01:40:55","Vulpes vulpes"
"11","2023-05-15 23:05:41","Vulpes vulpes"
"11","2023-05-16 02:05:53","Vulpes vulpes"
"11","2023-05-20 20:03:03","Vulpes vulpes"
"11","2023-05-21 03:32:58","Vulpes vulpes"
"11","2023-05-21 19:43:55","Lepus granatensis"
"11","2023-05-21 21:57:10","Vulpes vulpes"
"11","2023-05-22 22:31:23","Vulpes vulpes"
"11","2023-05-23 02:01:22","Meles meles"
"11","2023-05-25 01:22:57","Vulpes vulpes"
"11","2023-05-26 20:09:28","Vulpes vulpes"
"11","2023-05-27 03:15:56","Vulpes vulpes"
"11","2023-05-28 01:34:36","Vulpes vulpes"
"11","2023-05-29 00:07:40","Vulpes vulpes"
"11","2023-05-29 23:05:49","Vulpes vulpes"
"11","2023-05-31 03:44:11","Vulpes vulpes"
"11","2023-05-31 22:04:35","Vulpes vulpes"
"11","2023-06-01 05:48:33","Vulpes vulpes"
"11","2023-06-01 08:49:39","Vulpes vulpes"
"11","2023-06-01 22:56:43","Vulpes vulpes"
"11","2023-06-02 00:27:47","Vulpes vulpes"
"11","2023-06-02 03:35:33","Vulpes vulpes"
"11","2023-06-02 21:36:22","Vulpes vulpes"
"11","2023-06-02 23:03:29","Vulpes vulpes"
"11","2023-06-03 23:47:21","Vulpes vulpes"
"11","2023-06-04 21:51:21","Vulpes vulpes"
"11","2023-06-06 01:23:56","Vulpes vulpes"
"11","2023-06-06 03:29:14","Vulpes vulpes"
"11","2023-06-07 03:16:20","Vulpes vulpes"
"11","2023-06-09 22:01:15","Vulpes vulpes"
"11","2023-06-11 21:10:00","Vulpes vulpes"
"11","2023-06-16 23:47:20","Vulpes vulpes"
"11","2023-06-17 03:05:27","Vulpes vulpes"
"11","2023-06-17 22:38:26","Lepus granatensis"
"11","2023-06-20 22:00:31","Genetta genetta"
"11","2023-06-20 22:11:54","Vulpes vulpes"
"11","2023-06-23 21:05:39","Lepus granatensis"
"11","2023-06-26 02:21:23","Vulpes vulpes"
"11","2023-06-28 22:59:48","Vulpes vulpes"
"11","2023-06-30 22:22:23","Vulpes vulpes"
"11","2023-07-02 01:13:44","Vulpes vulpes"
"11","2023-07-02 07:31:06","Lepus granatensis"
"11","2023-07-03 19:07:27","Vulpes vulpes"
"11","2023-07-03 21:17:39","Vulpes vulpes"
"11","2023-07-04 00:12:53","Vulpes vulpes"
"11","2023-07-04 20:39:32","Vulpes vulpes"
"11","2023-07-05 20:37:32","Vulpes vulpes"
"11","2023-07-06 03:06:37","Vulpes vulpes"
"11","2023-07-07 22:20:53","Vulpes vulpes"
"11","2023-07-08 23:15:08","Vulpes vulpes"
"11","2023-07-09 18:45:22","Vulpes vulpes"
"11","2023-07-10 04:40:54","Meles meles"
"11","2023-07-12 23:59:35","Vulpes vulpes"
"11","2023-07-13 20:46:10","Vulpes vulpes"
"11","2023-07-14 23:54:46","Vulpes vulpes"
"11","2023-07-16 00:06:33","Vulpes vulpes"
"11","2023-07-16 23:24:48","Vulpes vulpes"
"11","2023-07-18 03:59:35","Lepus granatensis"
"11","2023-07-18 23:45:27","Vulpes vulpes"
"11","2023-07-19 17:32:41","Vulpes vulpes"
"11","2023-07-19 22:06:32","Vulpes vulpes"
"11","2023-07-19 23:37:29","Vulpes vulpes"
"11","2023-07-21 01:15:40","Vulpes vulpes"
"11","2023-07-21 23:34:37","Vulpes vulpes"
"11","2023-07-23 00:54:28","Vulpes vulpes"
"11","2023-07-24 20:45:34","Vulpes vulpes"
"11","2023-07-25 01:01:20","Vulpes vulpes"
"11","2023-07-26 05:13:23","Lepus granatensis"
"11","2023-07-27 20:36:48","Vulpes vulpes"
"11","2023-07-28 00:30:30","Vulpes vulpes"
"11","2023-07-28 23:22:40","Vulpes vulpes"
"11","2023-07-31 04:51:44","Vulpes vulpes"
"11","2023-07-31 07:23:25","Vulpes vulpes"
"11","2023-07-31 23:13:32","Vulpes vulpes"
"11","2023-08-01 05:51:27","Lepus granatensis"
"11","2023-08-03 04:59:36","Lepus granatensis"
"11","2023-08-08 02:59:04","Genetta genetta"
"11","2023-08-08 20:38:16","Vulpes vulpes"
"11","2023-08-08 21:26:57","Vulpes vulpes"
"11","2023-08-08 23:38:55","Meles meles"
"11","2023-08-11 03:00:05","Vulpes vulpes"
"11","2023-08-12 04:41:11","Vulpes vulpes"
"11","2023-08-13 20:53:08","Vulpes vulpes"
"11","2023-08-23 02:04:44","Vulpes vulpes"
"11","2023-08-23 02:43:42","Vulpes vulpes"
"11","2023-08-26 21:29:45","Vulpes vulpes"
"11","2023-08-28 02:58:03","Vulpes vulpes"
"11","2023-08-28 03:31:15","Vulpes vulpes"
"11","2023-08-29 00:03:14","Vulpes vulpes"
"11","2023-08-30 22:20:33","Vulpes vulpes"
"11","2023-08-31 21:33:26","Vulpes vulpes"
"11","2023-09-02 06:25:59","Meles meles"
"11","2023-09-03 20:03:45","Vulpes vulpes"
"11","2023-09-03 21:24:10","Vulpes vulpes"
"11","2023-09-04 21:14:48","Vulpes vulpes"
"11","2023-09-05 20:16:35","Vulpes vulpes"
"11","2023-09-05 22:33:55","Vulpes vulpes"
"11","2023-09-06 05:02:57","Vulpes vulpes"
"11","2023-09-06 20:10:28","Vulpes vulpes"
"11","2023-09-06 21:09:40","Genetta genetta"
"11","2023-09-06 23:16:46","Vulpes vulpes"
"11","2023-09-07 01:37:13","Vulpes vulpes"
"11","2023-09-08 07:32:46","Lepus granatensis"
"11","2023-09-08 22:32:15","Vulpes vulpes"
"11","2023-09-09 07:36:40","Vulpes vulpes"
"11","2023-09-09 23:00:07","Vulpes vulpes"
"11","2023-09-10 01:10:04","Vulpes vulpes"
"11","2023-09-12 01:01:33","Vulpes vulpes"
"11","2023-09-14 08:54:39","Vulpes vulpes"
"11","2023-09-15 04:12:47","Meles meles"
"11","2023-09-17 21:01:42","Vulpes vulpes"
"11","2023-09-18 01:05:55","Vulpes vulpes"
"11","2023-09-18 19:10:51","Lepus granatensis"
"11","2023-09-18 20:49:18","Vulpes vulpes"
"11","2023-09-19 08:43:36","Herpestes ichneumon"
"11","2023-09-19 22:04:15","Vulpes vulpes"
"11","2023-09-20 01:08:06","Vulpes vulpes"
"11","2023-09-20 20:35:49","Vulpes vulpes"
"11","2023-09-24 00:12:06","Vulpes vulpes"
"11","2023-09-24 01:51:51","Lepus granatensis"
"11","2023-09-28 00:46:43","Vulpes vulpes"
"11","2023-09-28 06:03:52","Vulpes vulpes"
"11","2023-09-29 21:44:17","Vulpes vulpes"
"11","2023-09-30 21:31:44","Vulpes vulpes"
"11","2023-10-01 21:23:40","Vulpes vulpes"
"11","2023-10-02 01:00:26","Meles meles"
"11","2023-10-04 04:59:26","Lepus granatensis"
"11","2023-10-09 03:52:18","Vulpes vulpes"
"11","2023-10-09 19:00:31","Lepus granatensis"
"11","2023-10-17 21:05:17","Vulpes vulpes"
"11","2023-10-28 07:56:59","Vulpes vulpes"
"11","2023-10-30 18:29:51","Lepus granatensis"
"11","2023-10-31 20:40:28","Vulpes vulpes"
"11","2023-11-07 03:42:59","Vulpes vulpes"
"11","2023-11-07 18:18:20","Vulpes vulpes"
"11","2023-11-12 00:42:16","Vulpes vulpes"
"11","2023-11-22 04:48:33","Meles meles"
"11","2023-11-27 22:28:12","Vulpes vulpes"
"11","2023-11-28 18:44:39","Vulpes vulpes"
"11","2023-12-05 21:27:01","Vulpes vulpes"
"11","2023-12-24 20:28:52","Vulpes vulpes"
"11","2023-12-25 19:14:51","Vulpes vulpes"
"11","2023-12-26 20:32:57","Meles meles"
"11","2023-12-27 18:16:24","Vulpes vulpes"
"11","2023-12-28 20:33:16","Vulpes vulpes"
"11","2023-12-29 03:35:20","Vulpes vulpes"
"11","2023-12-29 18:12:02","Vulpes vulpes"
"11","2024-01-01 18:40:04","Vulpes vulpes"
"11","2024-01-01 20:44:30","Meles meles"
"11","2024-01-02 23:12:49","Vulpes vulpes"
"11","2024-01-03 20:41:52","Lepus granatensis"
"11","2024-01-05 21:16:59","Vulpes vulpes"
"11","2024-01-10 18:11:25","Vulpes vulpes"
"11","2024-01-11 19:02:36","Vulpes vulpes"
"12","2021-04-27 01:48:50","Vulpes vulpes"
"12","2022-01-17 20:12:14","Vulpes vulpes"
"12","2022-02-23 01:05:48","Vulpes vulpes"
"12","2022-03-20 00:20:32","Vulpes vulpes"
"13","2021-04-17 13:33:18","Vulpes vulpes"
"13","2021-06-27 08:50:11","Vulpes vulpes"
"13","2022-06-14 02:03:21","Vulpes vulpes"
"13","2022-08-18 20:34:55","Vulpes vulpes"
"13","2023-02-14 22:17:27","Vulpes vulpes"
"13","2023-04-27 03:44:51","Genetta genetta"
"13","2023-06-30 21:06:57","Genetta genetta"
"14","2021-04-04 20:46:32","Lepus granatensis"
"14","2021-04-17 19:37:46","Lepus granatensis"
"14","2021-04-25 20:02:06","Lepus granatensis"
"14","2021-04-25 21:07:34","Lepus granatensis"
"14","2021-05-01 21:48:02","Lepus granatensis"
"14","2021-05-19 21:27:16","Lepus granatensis"
"14","2021-05-24 23:43:03","Lepus granatensis"
"14","2021-05-25 20:23:44","Lepus granatensis"
"14","2021-05-30 20:27:50","Lepus granatensis"
"14","2021-06-01 04:31:24","Lepus granatensis"
"14","2021-06-04 21:04:10","Lepus granatensis"
"14","2021-06-04 22:03:24","Lepus granatensis"
"14","2021-06-09 04:49:10","Lepus granatensis"
"14","2021-06-25 01:46:10","Vulpes vulpes"
"14","2021-07-04 02:23:53","Lepus granatensis"
"14","2021-07-08 05:03:31","Vulpes vulpes"
"14","2021-07-09 23:46:10","Vulpes vulpes"
"14","2021-07-17 03:53:20","Vulpes vulpes"
"14","2021-07-24 23:58:27","Vulpes vulpes"
"14","2021-07-27 03:08:48","Vulpes vulpes"
"14","2021-07-29 03:35:29","Meles meles"
"14","2021-08-05 21:28:52","Vulpes vulpes"
"14","2021-08-11 04:21:14","Vulpes vulpes"
"14","2021-08-13 22:33:14","Vulpes vulpes"
"14","2021-08-15 00:07:15","Vulpes vulpes"
"14","2021-08-16 21:12:22","Vulpes vulpes"
"14","2021-08-17 00:14:29","Vulpes vulpes"
"14","2021-09-09 16:30:35","Vulpes vulpes"
"14","2021-09-11 02:26:13","Vulpes vulpes"
"14","2021-09-22 19:27:50","Vulpes vulpes"
"14","2021-09-24 04:15:03","Vulpes vulpes"
"14B","2021-10-21 08:27:12","Vulpes vulpes"
"14B","2021-12-10 08:43:39","Vulpes vulpes"
"14B","2023-05-12 23:24:52","Lepus granatensis"
"16B","2021-10-11 23:05:08","Vulpes vulpes"
"16B","2021-10-27 22:55:53","Vulpes vulpes"
"16B","2021-12-13 04:48:01","Oryctolagus cuniculus"
"16B","2022-01-04 21:10:51","Lepus granatensis"
"16B","2022-01-06 19:32:46","Lepus granatensis"
"16B","2022-01-08 04:40:48","Lepus granatensis"
"16B","2022-01-08 06:47:46","Vulpes vulpes"
"16B","2022-01-08 10:52:49","Lynx pardinus"
"16B","2022-02-10 16:03:14","Vulpes vulpes"
"16B","2022-02-18 16:14:22","Herpestes ichneumon"
"16B","2022-02-19 19:38:11","Lepus granatensis"
"16B","2022-02-23 22:56:51","Vulpes vulpes"
"16B","2022-05-17 20:24:38","Lepus granatensis"
"16B","2022-05-30 05:38:44","Vulpes vulpes"
"16B","2022-06-05 20:28:33","Vulpes vulpes"
"16B","2022-07-01 18:49:16","Vulpes vulpes"
"16B","2022-07-01 20:18:26","Vulpes vulpes"
"16B","2022-07-08 23:42:42","Lepus granatensis"
"16B","2022-07-21 03:25:57","Vulpes vulpes"
"16B","2022-09-24 00:09:12","Vulpes vulpes"
"16B","2022-11-05 20:10:03","Vulpes vulpes"
"16B","2022-11-19 01:53:53","Lepus granatensis"
"16B","2023-01-30 09:04:40","Vulpes vulpes"
"16B","2023-02-21 16:35:27","Vulpes vulpes"
"16B","2023-02-22 18:57:37","Lepus granatensis"
"16B","2023-06-11 03:17:40","Vulpes vulpes"
"16B","2023-06-18 21:53:54","Vulpes vulpes"
"16B","2023-06-24 23:22:59","Vulpes vulpes"
"16B","2023-07-06 19:30:15","Vulpes vulpes"
"16B","2023-12-27 14:45:13","Vulpes vulpes"
"17","2021-07-22 02:00:45","Meles meles"
"17","2021-08-23 19:26:57","Vulpes vulpes"
"17","2021-08-26 21:39:02","Oryctolagus cuniculus"
"17","2021-08-27 18:15:18","Vulpes vulpes"
"17","2021-10-04 04:41:24","Oryctolagus cuniculus"
"17","2021-10-07 01:18:28","Oryctolagus cuniculus"
"17B","2021-10-17 20:36:34","Vulpes vulpes"
"17B","2021-10-23 10:14:29","Herpestes ichneumon"
"17B","2021-10-28 00:31:27","Vulpes vulpes"
"17B","2021-11-05 19:15:20","Oryctolagus cuniculus"
"17B","2021-11-08 23:01:02","Vulpes vulpes"
"17B","2021-11-13 16:46:50","Herpestes ichneumon"
"17B","2021-11-14 03:52:34","Oryctolagus cuniculus"
"17B","2021-11-16 02:00:21","Meles meles"
"17B","2021-11-16 09:44:46","Herpestes ichneumon"
"17B","2021-11-16 23:57:46","Oryctolagus cuniculus"
"17B","2021-11-20 19:07:39","Vulpes vulpes"
"17B","2021-11-23 22:20:48","Vulpes vulpes"
"17B","2021-11-25 10:07:33","Herpestes ichneumon"
"17B","2021-11-26 21:15:37","Oryctolagus cuniculus"
"17B","2021-11-27 18:13:48","Vulpes vulpes"
"17B","2021-12-01 22:39:37","Vulpes vulpes"
"17B","2021-12-05 23:03:24","Meles meles"
"17B","2021-12-07 08:56:46","Vulpes vulpes"
"17B","2021-12-16 00:01:34","Vulpes vulpes"
"17B","2021-12-20 09:01:05","Vulpes vulpes"
"17B","2021-12-20 20:18:48","Vulpes vulpes"
"17B","2021-12-21 05:35:00","Vulpes vulpes"
"17B","2021-12-24 15:58:51","Vulpes vulpes"
"17B","2021-12-24 20:32:46","Vulpes vulpes"
"17B","2021-12-27 18:35:49","Vulpes vulpes"
"17B","2021-12-27 21:30:40","Vulpes vulpes"
"17B","2021-12-30 17:32:24","Vulpes vulpes"
"17B","2022-01-01 18:37:03","Vulpes vulpes"
"17B","2022-01-02 16:04:43","Vulpes vulpes"
"17B","2022-01-04 18:44:07","Vulpes vulpes"
"17B","2022-01-06 09:41:01","Vulpes vulpes"
"17B","2022-01-07 10:09:04","Vulpes vulpes"
"17B","2022-01-08 10:50:40","Vulpes vulpes"
"17B","2022-01-08 11:23:01","Vulpes vulpes"
"17B","2022-01-08 22:16:02","Vulpes vulpes"
"17B","2022-01-08 22:54:50","Vulpes vulpes"
"17B","2022-01-11 20:37:35","Vulpes vulpes"
"17B","2022-01-15 16:57:05","Vulpes vulpes"
"17B","2022-01-20 19:58:17","Oryctolagus cuniculus"
"17B","2022-01-21 10:50:35","Herpestes ichneumon"
"17B","2022-01-26 13:49:40","Vulpes vulpes"
"17B","2022-01-26 20:45:01","Vulpes vulpes"
"17B","2022-01-28 23:34:46","Vulpes vulpes"
"17B","2022-01-31 00:12:45","Oryctolagus cuniculus"
"17B","2022-01-31 04:53:31","Oryctolagus cuniculus"
"17B","2022-01-31 08:23:08","Vulpes vulpes"
"17B","2022-01-31 19:49:44","Oryctolagus cuniculus"
"17B","2022-02-01 02:31:55","Oryctolagus cuniculus"
"17B","2022-02-01 21:51:31","Oryctolagus cuniculus"
"17B","2022-02-02 22:02:50","Vulpes vulpes"
"17B","2022-02-03 03:09:54","Vulpes vulpes"
"17B","2022-02-08 05:03:34","Vulpes vulpes"
"17B","2022-02-12 12:46:51","Herpestes ichneumon"
"17B","2022-02-17 02:49:03","Vulpes vulpes"
"17B","2022-03-01 01:57:13","Vulpes vulpes"
"17B","2022-03-04 10:31:28","Herpestes ichneumon"
"17B","2022-03-04 14:35:57","Herpestes ichneumon"
"17B","2022-03-04 18:27:14","Vulpes vulpes"
"17B","2022-03-07 18:33:17","Vulpes vulpes"
"17B","2022-03-08 02:01:16","Oryctolagus cuniculus"
"17B","2022-03-08 03:18:49","Oryctolagus cuniculus"
"17B","2022-03-09 23:27:44","Vulpes vulpes"
"17B","2022-03-11 04:18:18","Vulpes vulpes"
"17B","2022-03-18 20:55:18","Vulpes vulpes"
"17B","2022-03-19 23:28:26","Vulpes vulpes"
"17B","2022-03-20 00:35:50","Vulpes vulpes"
"17B","2022-03-21 12:29:20","Vulpes vulpes"
"17B","2022-04-17 22:01:55","Oryctolagus cuniculus"
"17B","2022-04-18 08:00:08","Herpestes ichneumon"
"17B","2022-04-18 21:04:54","Oryctolagus cuniculus"
"17B","2022-04-27 13:18:31","Vulpes vulpes"
"17B","2022-04-30 19:57:19","Vulpes vulpes"
"17B","2022-05-01 08:48:39","Herpestes ichneumon"
"17B","2022-05-01 21:53:27","Oryctolagus cuniculus"
"17B","2022-05-12 20:16:25","Meles meles"
"17B","2022-05-19 02:12:09","Oryctolagus cuniculus"
"17B","2022-05-22 00:55:47","Meles meles"
"17B","2022-05-23 20:53:28","Vulpes vulpes"
"17B","2022-05-24 22:50:35","Vulpes vulpes"
"17B","2022-05-30 04:53:58","Vulpes vulpes"
"17B","2022-05-31 19:38:15","Vulpes vulpes"
"17B","2022-06-04 03:44:57","Meles meles"
"17B","2022-06-12 21:23:18","Vulpes vulpes"
"17B","2022-08-02 23:46:20","Vulpes vulpes"
"17B","2022-08-03 07:03:36","Vulpes vulpes"
"17B","2022-08-08 23:06:21","Vulpes vulpes"
"17B","2022-08-16 04:11:16","Vulpes vulpes"
"17B","2022-08-17 17:10:41","Vulpes vulpes"
"17B","2022-08-22 01:18:15","Vulpes vulpes"
"17B","2022-08-22 05:39:22","Vulpes vulpes"
"17B","2022-08-30 22:01:46","Vulpes vulpes"
"17B","2022-09-08 05:06:13","Vulpes vulpes"
"17B","2022-09-21 20:25:30","Vulpes vulpes"
"17B","2022-10-13 16:51:49","Vulpes vulpes"
"17B","2022-10-15 16:33:20","Vulpes vulpes"
"17B","2022-11-28 14:13:14","Herpestes ichneumon"
"17B","2022-11-28 18:45:10","Vulpes vulpes"
"17B","2022-12-02 12:02:12","Herpestes ichneumon"
"17B","2023-01-25 17:18:17","Vulpes vulpes"
"17B","2023-02-12 00:18:31","Vulpes vulpes"
"17B","2023-02-20 21:46:10","Vulpes vulpes"
"17B","2023-03-14 17:17:35","Vulpes vulpes"
"17B","2023-03-15 22:59:08","Vulpes vulpes"
"17B","2023-03-31 11:32:38","Vulpes vulpes"
"17B","2023-04-05 11:37:34","Vulpes vulpes"
"17B","2023-04-10 09:45:38","Vulpes vulpes"
"17B","2023-04-14 03:53:02","Vulpes vulpes"
"17B","2023-04-16 00:09:12","Vulpes vulpes"
"17B","2023-04-19 00:13:10","Vulpes vulpes"
"17B","2023-04-19 06:11:49","Meles meles"
"17B","2023-04-29 15:44:24","Vulpes vulpes"
"17B","2023-04-29 16:56:59","Vulpes vulpes"
"17B","2023-05-13 20:30:38","Vulpes vulpes"
"17B","2023-07-09 04:01:48","Vulpes vulpes"
"17B","2023-07-12 20:15:15","Vulpes vulpes"
"17B","2023-07-31 03:05:28","Oryctolagus cuniculus"
"18B","2021-12-09 20:13:37","Lynx pardinus"
"18B","2021-12-12 02:31:44","Vulpes vulpes"
"18B","2022-01-31 00:03:45","Oryctolagus cuniculus"
"18B","2022-02-02 20:12:02","Oryctolagus cuniculus"
"18B","2022-02-03 10:02:32","Vulpes vulpes"
"18B","2022-02-08 23:52:34","Oryctolagus cuniculus"
"18B","2022-02-09 04:55:52","Oryctolagus cuniculus"
"18B","2022-02-14 18:49:09","Meles meles"
"18B","2022-02-22 21:56:52","Vulpes vulpes"
"18B","2022-04-06 06:34:03","Oryctolagus cuniculus"
"18B","2022-04-12 10:38:53","Lynx pardinus"
"18B","2022-06-21 05:31:05","Oryctolagus cuniculus"
"18B","2022-06-22 05:54:00","Oryctolagus cuniculus"
"18B","2022-08-31 20:52:59","Oryctolagus cuniculus"
"18B","2022-10-07 05:15:55","Meles meles"
"18B","2022-10-30 13:09:46","Vulpes vulpes"
"18B","2023-05-24 20:58:14","Lynx pardinus"
"18B","2023-07-16 22:53:44","Vulpes vulpes"
"18B","2023-08-28 03:28:49","Lynx pardinus"
"19","2021-03-13 22:04:13","Lepus granatensis"
"19","2021-03-20 15:10:22","Vulpes vulpes"
"19","2021-03-22 16:17:46","Vulpes vulpes"
"19","2021-05-04 00:53:57","Oryctolagus cuniculus"
"19","2021-05-08 00:28:00","Vulpes vulpes"
"19","2021-05-21 20:23:34","Oryctolagus cuniculus"
"19","2021-05-22 01:10:26","Vulpes vulpes"
"19","2021-05-24 04:21:02","Oryctolagus cuniculus"
"19","2021-05-28 08:39:23","Oryctolagus cuniculus"
"19","2021-06-27 17:17:34","Vulpes vulpes"
"19","2021-06-28 22:32:56","Oryctolagus cuniculus"
"19","2021-06-30 03:23:29","Oryctolagus cuniculus"
"19","2021-07-06 17:28:37","Vulpes vulpes"
"19","2021-07-08 02:46:35","Vulpes vulpes"
"19","2021-09-18 02:46:55","Meles meles"
"19","2021-09-30 06:25:55","Vulpes vulpes"
"19","2021-09-30 08:53:19","Vulpes vulpes"
"19B","2021-11-17 19:06:33","Vulpes vulpes"
"19B","2021-11-22 21:52:30","Vulpes vulpes"
"19B","2021-11-24 00:06:26","Vulpes vulpes"
"19B","2021-11-30 01:33:21","Vulpes vulpes"
"19B","2021-12-02 04:30:04","Vulpes vulpes"
"19B","2021-12-02 16:25:11","Vulpes vulpes"
"19B","2021-12-02 18:59:26","Vulpes vulpes"
"19B","2021-12-06 22:25:33","Vulpes vulpes"
"19B","2021-12-08 20:57:58","Vulpes vulpes"
"19B","2021-12-10 19:31:33","Vulpes vulpes"
"19B","2021-12-10 21:59:30","Vulpes vulpes"
"19B","2021-12-11 17:43:19","Vulpes vulpes"
"19B","2021-12-17 16:26:08","Vulpes vulpes"
"19B","2021-12-19 19:39:38","Vulpes vulpes"
"19B","2021-12-19 20:16:14","Vulpes vulpes"
"19B","2021-12-29 19:52:12","Vulpes vulpes"
"19B","2022-01-05 15:52:20","Herpestes ichneumon"
"19B","2022-01-25 19:08:15","Vulpes vulpes"
"19B","2022-01-26 06:44:25","Meles meles"
"19B","2022-02-13 01:04:21","Meles meles"
"19B","2022-02-14 19:51:43","Vulpes vulpes"
"19B","2022-02-28 19:16:03","Vulpes vulpes"
"19B","2022-04-04 19:41:57","Vulpes vulpes"
"19B","2022-05-06 00:04:46","Meles meles"
"19B","2022-05-06 20:04:58","Vulpes vulpes"
"19B","2022-05-09 07:50:59","Vulpes vulpes"
"19B","2022-05-29 00:27:53","Vulpes vulpes"
"19B","2022-05-29 03:56:53","Vulpes vulpes"
"19B","2022-05-31 03:40:47","Vulpes vulpes"
"19B","2022-06-01 04:32:33","Vulpes vulpes"
"19B","2022-06-06 03:35:19","Vulpes vulpes"
"19B","2022-06-08 22:35:51","Vulpes vulpes"
"19B","2022-06-18 21:59:24","Vulpes vulpes"
"19B","2022-06-23 21:24:21","Vulpes vulpes"
"19B","2022-06-27 22:35:28","Vulpes vulpes"
"19B","2022-07-15 03:39:27","Vulpes vulpes"
"19B","2022-07-16 23:29:23","Vulpes vulpes"
"19B","2022-07-24 20:53:35","Vulpes vulpes"
"19B","2022-08-23 22:31:06","Vulpes vulpes"
"19B","2022-08-30 15:44:13","Vulpes vulpes"
"19B","2022-09-01 21:51:12","Vulpes vulpes"
"19B","2022-09-18 22:53:48","Meles meles"
"19B","2022-09-28 02:32:40","Vulpes vulpes"
"19B","2022-10-02 21:42:43","Vulpes vulpes"
"19B","2022-11-12 21:32:43","Meles meles"
"19B","2022-11-30 11:51:54","Vulpes vulpes"
"19B","2022-11-30 19:39:11","Vulpes vulpes"
"19B","2022-12-01 08:51:08","Vulpes vulpes"
"19B","2022-12-01 19:27:12","Vulpes vulpes"
"19B","2022-12-02 16:14:49","Vulpes vulpes"
"19B","2022-12-06 19:46:40","Vulpes vulpes"
"19B","2022-12-11 17:31:42","Vulpes vulpes"
"19B","2022-12-13 22:02:40","Vulpes vulpes"
"19B","2022-12-15 19:25:32","Vulpes vulpes"
"19B","2023-01-25 07:59:31","Vulpes vulpes"
"19B","2023-02-04 05:52:32","Meles meles"
"19B","2023-02-11 03:04:20","Meles meles"
"19B","2023-02-14 00:23:54","Vulpes vulpes"
"19B","2023-02-17 00:29:40","Vulpes vulpes"
"19B","2023-02-18 02:42:52","Meles meles"
"19B","2023-02-19 02:01:27","Vulpes vulpes"
"19B","2023-02-25 15:37:28","Vulpes vulpes"
"19B","2023-02-26 16:10:59","Vulpes vulpes"
"19B","2023-03-01 03:36:07","Meles meles"
"19B","2023-03-01 21:48:19","Meles meles"
"19B","2023-03-02 23:03:20","Meles meles"
"19B","2023-03-04 17:43:07","Vulpes vulpes"
"19B","2023-03-04 19:50:35","Meles meles"
"19B","2023-03-05 02:50:25","Meles meles"
"19B","2023-03-20 00:23:53","Meles meles"
"19B","2023-03-21 04:41:53","Vulpes vulpes"
"19B","2023-03-23 20:39:32","Lynx pardinus"
"19B","2023-03-24 00:41:28","Meles meles"
"19B","2023-03-26 00:13:31","Meles meles"
"19B","2023-03-28 04:14:06","Meles meles"
"19B","2023-03-29 05:19:43","Meles meles"
"19B","2023-04-02 23:49:22","Meles meles"
"19B","2023-04-06 00:17:40","Meles meles"
"19B","2023-04-07 03:44:31","Meles meles"
"19B","2023-04-08 01:07:34","Meles meles"
"19B","2023-05-19 20:14:11","Vulpes vulpes"
"19B","2023-07-22 04:29:24","Vulpes vulpes"
"19B","2023-07-23 00:07:27","Vulpes vulpes"
"19B","2023-07-26 23:39:25","Vulpes vulpes"
"19B","2023-07-29 04:17:40","Vulpes vulpes"
"19B","2023-08-01 02:55:06","Vulpes vulpes"
"19B","2023-08-01 20:55:47","Vulpes vulpes"
"19B","2023-08-03 20:53:15","Vulpes vulpes"
"19B","2023-08-04 22:15:40","Vulpes vulpes"
"19B","2023-09-14 22:29:04","Vulpes vulpes"
"19B","2023-11-15 20:47:07","Vulpes vulpes"
"19B","2023-12-09 19:08:41","Vulpes vulpes"
"19B","2024-01-13 22:36:02","Vulpes vulpes"
"20","2021-01-28 20:31:20","Vulpes vulpes"
"20","2021-01-30 07:32:29","Vulpes vulpes"
"20","2021-01-30 15:45:46","Herpestes ichneumon"
"20","2021-02-06 23:56:19","Meles meles"
"20","2021-02-25 19:30:37","Oryctolagus cuniculus"
"20","2021-03-01 22:33:25","Oryctolagus cuniculus"
"20","2021-03-04 19:36:40","Oryctolagus cuniculus"
"20","2021-03-04 23:09:49","Oryctolagus cuniculus"
"20","2021-03-08 23:41:36","Oryctolagus cuniculus"
"20","2021-03-09 20:50:53","Oryctolagus cuniculus"
"20","2021-03-13 02:37:32","Oryctolagus cuniculus"
"20","2021-03-18 01:14:05","Oryctolagus cuniculus"
"20","2021-03-19 03:21:34","Oryctolagus cuniculus"
"20","2021-03-20 01:10:36","Oryctolagus cuniculus"
"20","2021-03-21 01:12:55","Oryctolagus cuniculus"
"20","2021-03-21 19:51:14","Oryctolagus cuniculus"
"20","2021-03-21 20:22:25","Vulpes vulpes"
"20","2021-03-22 02:58:15","Oryctolagus cuniculus"
"20","2021-03-25 19:18:15","Oryctolagus cuniculus"
"20","2021-03-27 04:05:19","Oryctolagus cuniculus"
"20","2021-03-27 20:23:19","Oryctolagus cuniculus"
"20","2021-03-27 20:59:44","Oryctolagus cuniculus"
"20","2021-03-28 20:01:49","Oryctolagus cuniculus"
"20","2021-03-29 00:31:17","Oryctolagus cuniculus"
"20","2021-04-01 02:07:58","Vulpes vulpes"
"20","2021-04-02 13:25:35","Vulpes vulpes"
"20","2021-04-02 19:40:41","Oryctolagus cuniculus"
"20","2021-04-03 02:34:35","Meles meles"
"20","2021-04-06 22:23:34","Vulpes vulpes"
"20","2021-04-07 14:35:34","Herpestes ichneumon"
"20","2021-04-08 22:22:12","Oryctolagus cuniculus"
"20","2021-04-10 01:45:43","Oryctolagus cuniculus"
"20","2021-04-13 01:18:49","Vulpes vulpes"
"20","2021-04-13 02:05:32","Oryctolagus cuniculus"
"20","2021-04-14 20:53:00","Oryctolagus cuniculus"
"20","2021-04-26 08:02:40","Oryctolagus cuniculus"
"20","2021-05-01 03:20:43","Lynx pardinus"
"20","2021-05-01 19:36:52","Oryctolagus cuniculus"
"20","2021-05-15 22:44:25","Meles meles"
"20","2021-05-17 00:28:05","Vulpes vulpes"
"20","2021-05-19 00:22:39","Vulpes vulpes"
"20","2021-05-24 06:18:03","Oryctolagus cuniculus"
"20","2021-05-25 05:56:52","Oryctolagus cuniculus"
"20","2021-05-27 06:51:25","Oryctolagus cuniculus"
"20","2021-05-27 18:40:28","Oryctolagus cuniculus"
"20","2021-05-27 19:27:45","Oryctolagus cuniculus"
"20","2021-05-30 03:31:56","Oryctolagus cuniculus"
"20","2021-05-30 05:43:43","Oryctolagus cuniculus"
"20","2021-05-30 07:38:53","Oryctolagus cuniculus"
"20","2021-06-18 22:17:48","Oryctolagus cuniculus"
"20","2021-06-19 21:47:50","Oryctolagus cuniculus"
"20","2021-06-20 05:34:31","Oryctolagus cuniculus"
"20","2021-06-20 06:05:47","Oryctolagus cuniculus"
"20","2021-06-22 22:08:17","Oryctolagus cuniculus"
"20","2021-06-25 04:13:25","Oryctolagus cuniculus"
"20","2021-06-26 20:42:12","Oryctolagus cuniculus"
"20","2021-06-28 03:10:20","Oryctolagus cuniculus"
"20","2021-06-29 23:33:15","Oryctolagus cuniculus"
"20","2021-06-30 03:58:28","Oryctolagus cuniculus"
"20","2021-07-13 01:49:18","Oryctolagus cuniculus"
"20","2021-07-15 06:58:53","Oryctolagus cuniculus"
"20","2021-08-16 04:29:06","Oryctolagus cuniculus"
"20","2021-08-17 04:55:51","Oryctolagus cuniculus"
"20","2021-08-17 05:40:04","Oryctolagus cuniculus"
"20","2021-08-17 06:40:21","Oryctolagus cuniculus"
"20","2021-08-21 03:24:48","Oryctolagus cuniculus"
"20","2021-08-21 19:40:08","Oryctolagus cuniculus"
"20","2021-08-22 02:08:11","Oryctolagus cuniculus"
"20","2021-08-29 00:17:04","Oryctolagus cuniculus"
"20","2021-08-30 01:47:19","Oryctolagus cuniculus"
"20","2021-08-30 20:14:19","Oryctolagus cuniculus"
"20","2021-09-03 02:03:04","Oryctolagus cuniculus"
"20","2021-09-03 04:24:28","Oryctolagus cuniculus"
"20","2021-09-04 03:45:07","Oryctolagus cuniculus"
"20","2021-09-04 19:47:24","Oryctolagus cuniculus"
"20","2021-09-18 05:59:38","Oryctolagus cuniculus"
"20","2021-09-19 19:56:38","Oryctolagus cuniculus"
"20","2021-09-20 22:46:23","Oryctolagus cuniculus"
"20","2021-09-21 23:11:07","Oryctolagus cuniculus"
"20","2021-09-21 23:55:53","Oryctolagus cuniculus"
"20","2021-09-22 22:46:08","Oryctolagus cuniculus"
"20","2021-09-23 01:21:15","Meles meles"
"20","2021-09-23 02:54:49","Oryctolagus cuniculus"
"20","2021-09-27 22:10:35","Oryctolagus cuniculus"
"20","2021-09-29 04:25:44","Oryctolagus cuniculus"
"20","2021-10-01 02:26:28","Oryctolagus cuniculus"
"20","2021-10-04 00:00:31","Oryctolagus cuniculus"
"20","2021-10-04 06:05:05","Oryctolagus cuniculus"
"20","2021-10-05 06:08:37","Oryctolagus cuniculus"
"20","2021-10-05 23:16:48","Oryctolagus cuniculus"
"20","2021-10-06 01:00:56","Oryctolagus cuniculus"
"20","2021-10-06 19:54:00","Oryctolagus cuniculus"
"20","2021-10-07 01:51:23","Oryctolagus cuniculus"
"20","2021-10-08 19:18:27","Oryctolagus cuniculus"
"20","2021-10-12 03:13:06","Oryctolagus cuniculus"
"20","2021-10-12 05:36:23","Oryctolagus cuniculus"
"20","2021-10-13 06:55:25","Lynx pardinus"
"20","2021-10-14 02:56:02","Oryctolagus cuniculus"
"20","2021-10-14 21:19:18","Oryctolagus cuniculus"
"20","2021-10-15 05:38:00","Oryctolagus cuniculus"
"20","2021-10-15 19:23:19","Oryctolagus cuniculus"
"20","2021-10-16 02:03:47","Oryctolagus cuniculus"
"20","2021-10-17 00:25:01","Oryctolagus cuniculus"
"20","2021-10-17 04:08:22","Oryctolagus cuniculus"
"20","2021-10-17 06:17:30","Vulpes vulpes"
"20","2021-10-17 21:21:26","Oryctolagus cuniculus"
"20","2021-10-17 22:48:45","Oryctolagus cuniculus"
"20","2021-10-18 02:18:59","Oryctolagus cuniculus"
"20","2021-10-18 03:58:39","Oryctolagus cuniculus"
"20","2021-10-18 22:29:08","Oryctolagus cuniculus"
"20","2021-10-18 23:25:43","Oryctolagus cuniculus"
"20","2021-10-19 02:03:37","Oryctolagus cuniculus"
"20","2021-10-19 21:15:59","Lynx pardinus"
"20","2021-10-19 22:40:45","Oryctolagus cuniculus"
"20","2021-10-20 00:07:18","Oryctolagus cuniculus"
"20","2021-10-20 00:38:21","Oryctolagus cuniculus"
"20","2021-10-20 02:35:55","Oryctolagus cuniculus"
"20","2021-10-20 19:22:57","Oryctolagus cuniculus"
"20","2021-10-21 20:54:20","Oryctolagus cuniculus"
"20","2021-10-21 23:48:41","Oryctolagus cuniculus"
"20","2021-10-22 23:01:55","Oryctolagus cuniculus"
"20","2021-10-23 01:56:20","Oryctolagus cuniculus"
"20","2021-10-23 05:04:06","Oryctolagus cuniculus"
"20","2021-10-24 04:36:54","Oryctolagus cuniculus"
"20","2021-10-24 05:37:10","Oryctolagus cuniculus"
"20","2021-10-25 22:12:12","Oryctolagus cuniculus"
"20","2021-10-26 00:48:02","Vulpes vulpes"
"20","2021-10-26 04:45:23","Oryctolagus cuniculus"
"20","2021-10-27 05:17:04","Oryctolagus cuniculus"
"20","2021-10-29 01:50:54","Oryctolagus cuniculus"
"20","2021-11-02 00:56:30","Oryctolagus cuniculus"
"20","2021-11-02 18:55:22","Oryctolagus cuniculus"
"20","2021-11-04 19:55:30","Oryctolagus cuniculus"
"20","2021-11-04 22:16:46","Oryctolagus cuniculus"
"20","2021-11-05 18:22:59","Oryctolagus cuniculus"
"20","2021-11-05 20:02:48","Oryctolagus cuniculus"
"20","2021-11-06 19:49:58","Oryctolagus cuniculus"
"20","2021-11-06 20:44:18","Oryctolagus cuniculus"
"20","2021-11-07 18:16:34","Oryctolagus cuniculus"
"20","2021-11-07 20:49:43","Oryctolagus cuniculus"
"20","2021-11-08 19:17:19","Oryctolagus cuniculus"
"20","2021-11-09 18:47:37","Vulpes vulpes"
"20","2021-11-09 21:05:42","Oryctolagus cuniculus"
"20","2021-11-10 15:47:46","Herpestes ichneumon"
"20","2021-11-12 20:23:37","Vulpes vulpes"
"20","2021-11-14 00:23:48","Vulpes vulpes"
"20","2021-11-14 23:50:40","Vulpes vulpes"
"20","2021-11-15 04:36:49","Vulpes vulpes"
"20","2021-11-16 01:41:12","Vulpes vulpes"
"20","2021-11-16 20:27:34","Oryctolagus cuniculus"
"20","2021-11-17 00:01:30","Oryctolagus cuniculus"
"20","2021-11-17 22:34:06","Oryctolagus cuniculus"
"20","2021-11-19 18:42:45","Oryctolagus cuniculus"
"20","2021-11-21 18:13:40","Oryctolagus cuniculus"
"20","2021-11-22 17:44:23","Oryctolagus cuniculus"
"20","2021-11-22 23:37:14","Oryctolagus cuniculus"
"20","2021-11-23 00:14:44","Oryctolagus cuniculus"
"20","2021-11-28 05:30:51","Oryctolagus cuniculus"
"20","2021-11-28 18:21:14","Oryctolagus cuniculus"
"20","2021-11-30 02:21:55","Oryctolagus cuniculus"
"20","2021-12-03 18:13:27","Oryctolagus cuniculus"
"20","2021-12-03 20:06:40","Oryctolagus cuniculus"
"20","2021-12-05 18:35:26","Oryctolagus cuniculus"
"20","2021-12-06 17:39:46","Oryctolagus cuniculus"
"20","2021-12-08 17:42:25","Oryctolagus cuniculus"
"20","2021-12-13 20:38:42","Vulpes vulpes"
"20","2021-12-14 21:10:34","Oryctolagus cuniculus"
"20","2021-12-15 19:18:33","Oryctolagus cuniculus"
"20","2021-12-16 19:39:03","Oryctolagus cuniculus"
"20","2021-12-16 21:26:27","Oryctolagus cuniculus"
"20","2021-12-17 03:20:20","Oryctolagus cuniculus"
"20","2021-12-17 18:06:50","Oryctolagus cuniculus"
"20","2021-12-17 21:59:35","Oryctolagus cuniculus"
"20","2021-12-18 02:55:47","Oryctolagus cuniculus"
"20","2021-12-20 04:05:07","Oryctolagus cuniculus"
"20","2022-01-02 20:10:26","Meles meles"
"20","2022-01-03 19:07:37","Oryctolagus cuniculus"
"20","2022-01-05 19:27:53","Oryctolagus cuniculus"
"20","2022-01-08 22:04:11","Oryctolagus cuniculus"
"20","2022-01-09 19:26:20","Oryctolagus cuniculus"
"20","2022-01-10 19:15:08","Oryctolagus cuniculus"
"20","2022-01-10 20:08:38","Oryctolagus cuniculus"
"20","2022-01-12 18:47:33","Oryctolagus cuniculus"
"20","2022-01-14 10:25:23","Vulpes vulpes"
"20","2022-01-14 21:09:17","Oryctolagus cuniculus"
"20","2022-01-15 20:06:03","Oryctolagus cuniculus"
"20","2022-01-15 21:05:38","Oryctolagus cuniculus"
"20","2022-01-16 19:20:48","Oryctolagus cuniculus"
"20","2022-01-16 23:30:14","Oryctolagus cuniculus"
"20","2022-01-17 21:55:04","Oryctolagus cuniculus"
"20","2022-01-18 22:35:09","Oryctolagus cuniculus"
"20","2022-01-19 20:23:09","Oryctolagus cuniculus"
"20","2022-01-20 18:26:49","Oryctolagus cuniculus"
"20","2022-01-20 20:16:07","Oryctolagus cuniculus"
"20","2022-01-21 18:22:28","Oryctolagus cuniculus"
"20","2022-01-21 18:56:38","Oryctolagus cuniculus"
"20","2022-01-23 20:31:21","Oryctolagus cuniculus"
"20","2022-01-24 05:17:32","Oryctolagus cuniculus"
"20","2022-01-26 00:05:08","Oryctolagus cuniculus"
"20","2022-01-26 07:17:26","Oryctolagus cuniculus"
"20","2022-01-26 19:35:18","Oryctolagus cuniculus"
"20","2022-01-26 22:53:38","Oryctolagus cuniculus"
"20","2022-01-28 20:54:04","Oryctolagus cuniculus"
"20","2022-01-29 03:25:44","Oryctolagus cuniculus"
"20","2022-01-29 22:02:03","Oryctolagus cuniculus"
"20","2022-01-30 01:45:58","Oryctolagus cuniculus"
"20","2022-01-30 19:25:09","Oryctolagus cuniculus"
"20","2022-01-30 20:06:54","Oryctolagus cuniculus"
"20","2022-01-30 22:53:46","Oryctolagus cuniculus"
"20","2022-01-31 03:12:10","Oryctolagus cuniculus"
"20","2022-01-31 04:54:33","Oryctolagus cuniculus"
"20","2022-01-31 06:58:05","Oryctolagus cuniculus"
"20","2022-01-31 22:53:33","Vulpes vulpes"
"20","2022-02-01 06:04:37","Oryctolagus cuniculus"
"20","2022-02-01 20:49:40","Oryctolagus cuniculus"
"20","2022-02-03 03:05:39","Oryctolagus cuniculus"
"20","2022-02-06 20:51:59","Oryctolagus cuniculus"
"20","2022-02-08 00:16:29","Oryctolagus cuniculus"
"20","2022-02-08 06:47:42","Oryctolagus cuniculus"
"20","2022-02-08 22:43:13","Oryctolagus cuniculus"
"20","2022-02-09 00:15:27","Oryctolagus cuniculus"
"20","2022-02-12 19:47:59","Oryctolagus cuniculus"
"20","2022-02-12 21:04:08","Oryctolagus cuniculus"
"20","2022-02-13 04:56:11","Oryctolagus cuniculus"
"20","2022-02-15 02:00:45","Oryctolagus cuniculus"
"20","2022-04-02 22:50:12","Oryctolagus cuniculus"
"20","2022-04-04 00:19:42","Oryctolagus cuniculus"
"20","2022-04-10 20:28:51","Oryctolagus cuniculus"
"20","2022-04-15 22:43:01","Oryctolagus cuniculus"
"20","2022-04-16 07:57:36","Oryctolagus cuniculus"
"20","2022-04-18 05:27:00","Oryctolagus cuniculus"
"20","2022-04-19 04:58:21","Oryctolagus cuniculus"
"20","2022-04-20 05:20:49","Oryctolagus cuniculus"
"20","2022-04-20 09:29:11","Herpestes ichneumon"
"20","2022-04-29 18:04:56","Herpestes ichneumon"
"20","2022-05-07 22:24:45","Vulpes vulpes"
"20","2022-05-11 20:36:58","Oryctolagus cuniculus"
"20","2022-05-11 23:53:00","Oryctolagus cuniculus"
"20","2022-05-12 05:21:03","Meles meles"
"20","2022-06-10 19:44:11","Oryctolagus cuniculus"
"20","2022-06-11 01:25:22","Oryctolagus cuniculus"
"20","2022-06-12 04:01:06","Oryctolagus cuniculus"
"20","2022-06-12 06:40:07","Oryctolagus cuniculus"
"20","2022-06-12 22:59:30","Vulpes vulpes"
"20","2022-06-15 01:15:46","Oryctolagus cuniculus"
"20","2022-06-17 03:20:02","Oryctolagus cuniculus"
"20","2022-06-18 03:35:43","Oryctolagus cuniculus"
"20","2022-06-22 00:49:46","Oryctolagus cuniculus"
"20","2022-06-22 03:04:32","Vulpes vulpes"
"20","2022-06-22 23:36:54","Oryctolagus cuniculus"
"20","2022-06-24 05:47:24","Oryctolagus cuniculus"
"20","2022-06-26 03:57:26","Oryctolagus cuniculus"
"20","2022-06-26 20:26:41","Oryctolagus cuniculus"
"20","2022-06-27 04:29:29","Oryctolagus cuniculus"
"20","2022-06-27 22:55:57","Vulpes vulpes"
"20","2022-06-28 00:20:19","Oryctolagus cuniculus"
"20","2022-06-28 22:59:04","Oryctolagus cuniculus"
"20","2022-06-29 21:15:04","Oryctolagus cuniculus"
"20","2022-07-01 22:16:08","Vulpes vulpes"
"20","2022-07-01 22:21:25","Oryctolagus cuniculus"
"20","2022-07-02 06:47:07","Oryctolagus cuniculus"
"20","2022-07-03 20:56:54","Oryctolagus cuniculus"
"20","2022-07-04 20:32:06","Oryctolagus cuniculus"
"20","2022-07-06 23:14:33","Vulpes vulpes"
"20","2022-07-07 01:02:46","Oryctolagus cuniculus"
"20","2022-07-08 03:42:23","Vulpes vulpes"
"20","2022-07-08 19:43:51","Oryctolagus cuniculus"
"20","2022-07-10 00:15:02","Oryctolagus cuniculus"
"20","2022-07-10 01:54:56","Oryctolagus cuniculus"
"20","2022-07-10 03:00:11","Oryctolagus cuniculus"
"20","2022-07-11 22:21:35","Oryctolagus cuniculus"
"20","2022-07-12 05:24:51","Oryctolagus cuniculus"
"20","2022-07-13 20:22:20","Oryctolagus cuniculus"
"20","2022-07-14 06:58:56","Oryctolagus cuniculus"
"20","2022-07-16 00:39:51","Oryctolagus cuniculus"
"20","2022-07-17 22:53:21","Oryctolagus cuniculus"
"20","2022-07-19 04:39:06","Lynx pardinus"
"20","2022-07-22 01:42:53","Oryctolagus cuniculus"
"20","2022-07-23 06:13:01","Meles meles"
"20","2022-07-24 04:10:13","Oryctolagus cuniculus"
"20","2022-07-26 03:56:09","Oryctolagus cuniculus"
"20","2022-08-08 20:39:49","Oryctolagus cuniculus"
"20","2022-08-10 19:33:58","Oryctolagus cuniculus"
"20","2022-08-10 20:45:05","Oryctolagus cuniculus"
"20","2022-08-17 00:40:04","Oryctolagus cuniculus"
"20","2022-08-21 02:32:37","Oryctolagus cuniculus"
"20","2022-09-01 22:58:02","Vulpes vulpes"
"20","2022-09-04 05:12:28","Oryctolagus cuniculus"
"20","2022-09-05 22:43:26","Oryctolagus cuniculus"
"20","2022-09-08 05:23:36","Oryctolagus cuniculus"
"20","2022-09-11 19:48:16","Oryctolagus cuniculus"
"20","2022-09-17 19:16:41","Oryctolagus cuniculus"
"20","2022-09-20 22:06:11","Oryctolagus cuniculus"
"20","2022-09-25 20:15:46","Oryctolagus cuniculus"
"20","2022-09-25 21:02:49","Oryctolagus cuniculus"
"20","2022-10-02 05:11:48","Oryctolagus cuniculus"
"20","2022-10-04 22:10:38","Oryctolagus cuniculus"
"20","2022-10-05 19:04:49","Oryctolagus cuniculus"
"20","2022-10-06 20:14:29","Genetta genetta"
"20","2022-10-06 20:18:23","Vulpes vulpes"
"20","2022-10-07 04:18:07","Oryctolagus cuniculus"
"20","2022-10-16 02:40:51","Vulpes vulpes"
"20","2022-11-03 20:58:39","Oryctolagus cuniculus"
"20","2022-11-12 21:01:21","Oryctolagus cuniculus"
"20","2022-11-29 17:34:05","Oryctolagus cuniculus"
"20","2023-01-19 18:21:03","Oryctolagus cuniculus"
"20","2023-01-19 18:52:09","Oryctolagus cuniculus"
"20","2023-01-22 23:50:21","Vulpes vulpes"
"20","2023-01-26 03:12:36","Vulpes vulpes"
"20","2023-01-27 00:43:54","Oryctolagus cuniculus"
"20","2023-01-28 06:01:54","Oryctolagus cuniculus"
"20","2023-01-29 02:26:24","Oryctolagus cuniculus"
"20","2023-01-29 06:34:36","Oryctolagus cuniculus"
"20","2023-01-30 05:16:36","Oryctolagus cuniculus"
"20","2023-02-02 06:21:53","Oryctolagus cuniculus"
"20","2023-02-09 21:14:47","Vulpes vulpes"
"20","2023-02-11 01:13:51","Vulpes vulpes"
"20","2023-02-19 20:34:12","Oryctolagus cuniculus"
"20","2023-02-24 00:14:32","Vulpes vulpes"
"20","2023-02-25 18:58:47","Oryctolagus cuniculus"
"20","2023-03-02 04:04:30","Vulpes vulpes"
"20","2023-03-04 21:43:46","Vulpes vulpes"
"20","2023-03-05 05:13:27","Vulpes vulpes"
"20","2023-03-07 20:49:54","Vulpes vulpes"
"20","2023-03-18 01:54:34","Oryctolagus cuniculus"
"20","2023-03-18 04:18:07","Oryctolagus cuniculus"
"20","2023-03-20 22:07:45","Vulpes vulpes"
"20","2023-03-22 21:27:53","Vulpes vulpes"
"20","2023-03-27 01:07:41","Oryctolagus cuniculus"
"20","2023-03-28 20:33:04","Vulpes vulpes"
"20","2023-03-29 05:08:40","Vulpes vulpes"
"20","2023-03-30 00:25:07","Vulpes vulpes"
"20","2023-04-02 19:43:26","Oryctolagus cuniculus"
"20","2023-04-03 18:44:15","Vulpes vulpes"
"20","2023-04-06 04:20:08","Vulpes vulpes"
"20","2023-04-08 01:41:46","Oryctolagus cuniculus"
"20","2023-04-10 21:22:39","Oryctolagus cuniculus"
"20","2023-04-13 19:29:39","Oryctolagus cuniculus"
"20","2023-04-13 23:07:04","Vulpes vulpes"
"20","2023-04-18 20:40:23","Vulpes vulpes"
"20","2023-04-19 19:42:52","Oryctolagus cuniculus"
"20","2023-04-21 22:17:48","Oryctolagus cuniculus"
"20","2023-04-24 06:01:25","Vulpes vulpes"
"20","2023-04-24 21:31:12","Vulpes vulpes"
"20","2023-04-25 05:49:02","Meles meles"
"20","2023-05-01 20:29:06","Vulpes vulpes"
"20","2023-05-02 20:46:30","Oryctolagus cuniculus"
"20","2023-05-03 00:30:54","Oryctolagus cuniculus"
"20","2023-05-05 05:35:20","Oryctolagus cuniculus"
"20","2023-05-11 01:12:55","Oryctolagus cuniculus"
"20","2023-05-11 05:46:54","Oryctolagus cuniculus"
"20","2023-05-11 21:04:02","Oryctolagus cuniculus"
"20","2023-05-11 21:58:22","Oryctolagus cuniculus"
"20","2023-05-14 05:10:09","Oryctolagus cuniculus"
"20","2023-05-16 00:45:47","Oryctolagus cuniculus"
"20","2023-05-18 01:28:13","Oryctolagus cuniculus"
"20","2023-05-25 19:07:15","Oryctolagus cuniculus"
"20","2023-06-05 05:05:14","Oryctolagus cuniculus"
"20","2023-06-05 20:33:01","Oryctolagus cuniculus"
"20","2023-06-19 00:35:07","Oryctolagus cuniculus"
"20","2023-06-21 01:12:11","Oryctolagus cuniculus"
"20","2023-06-21 03:05:55","Vulpes vulpes"
"20","2023-06-21 04:08:57","Vulpes vulpes"
"20","2023-06-21 22:23:09","Vulpes vulpes"
"20","2023-06-25 01:36:31","Oryctolagus cuniculus"
"20","2023-06-28 03:18:03","Oryctolagus cuniculus"
"20","2023-07-10 00:08:23","Oryctolagus cuniculus"
"20","2023-07-12 20:08:34","Lynx pardinus"
"20","2023-07-12 22:20:37","Oryctolagus cuniculus"
"20","2023-07-29 18:44:14","Vulpes vulpes"
"20","2023-08-05 21:05:34","Lynx pardinus"
"20","2023-09-02 17:14:56","Lynx pardinus"
"20","2023-10-05 05:31:46","Vulpes vulpes"
"20","2023-11-04 04:29:49","Oryctolagus cuniculus"
"20","2023-11-09 06:23:19","Oryctolagus cuniculus"
"21B","2021-11-07 11:05:57","Herpestes ichneumon"
"21B","2021-12-06 06:31:58","Lepus granatensis"
"21B","2021-12-10 07:07:03","Lepus granatensis"
"21B","2021-12-10 17:30:18","Lepus granatensis"
"21B","2021-12-10 18:41:12","Lepus granatensis"
"21B","2022-05-23 18:31:38","Herpestes ichneumon"
"21B","2022-12-17 12:54:53","Vulpes vulpes"
"22B","2021-11-10 02:15:27","Vulpes vulpes"
"22B","2021-12-31 18:26:39","Vulpes vulpes"
"22B","2022-01-15 18:32:47","Meles meles"
"22B","2022-01-18 20:30:17","Vulpes vulpes"
"22B","2022-02-23 19:05:19","Vulpes vulpes"
"22B","2022-02-27 05:52:39","Vulpes vulpes"
"22B","2022-03-14 21:53:03","Vulpes vulpes"
"22B","2022-05-23 02:10:19","Vulpes vulpes"
"22B","2022-06-18 22:03:27","Vulpes vulpes"
"22B","2022-06-26 00:36:41","Meles meles"
"22B","2022-08-09 21:24:47","Vulpes vulpes"
"22B","2022-10-02 19:55:11","Vulpes vulpes"
"22B","2022-12-05 11:23:06","Vulpes vulpes"
"22B","2023-02-11 05:41:54","Vulpes vulpes"
"22B","2023-02-26 01:05:11","Vulpes vulpes"
"22B","2023-03-14 22:54:43","Vulpes vulpes"
"22B","2023-05-13 19:57:31","Vulpes vulpes"
"22B","2023-06-04 20:17:23","Vulpes vulpes"
"22B","2023-07-16 05:57:23","Vulpes vulpes"
"22B","2023-12-23 20:25:05","Vulpes vulpes"
"23","2021-01-18 19:04:41","Vulpes vulpes"
"23","2021-02-21 14:16:36","Herpestes ichneumon"
"23","2021-02-28 20:52:19","Vulpes vulpes"
"23","2021-03-19 00:20:43","Vulpes vulpes"
"23","2021-03-19 20:56:28","Vulpes vulpes"
"23","2021-03-24 13:41:43","Vulpes vulpes"
"23","2021-03-31 11:55:19","Vulpes vulpes"
"23","2021-04-22 21:41:30","Vulpes vulpes"
"23","2021-04-29 21:59:35","Vulpes vulpes"
"23","2021-05-03 22:36:03","Meles meles"
"23","2021-05-25 06:49:16","Herpestes ichneumon"
"23","2021-05-26 08:54:59","Vulpes vulpes"
"23","2021-06-21 06:21:09","Lepus granatensis"
"23","2021-06-30 10:02:53","Herpestes ichneumon"
"23","2021-07-02 08:50:24","Vulpes vulpes"
"23","2021-07-07 09:59:57","Vulpes vulpes"
"23","2021-07-11 07:05:54","Vulpes vulpes"
"23","2021-07-17 20:15:22","Vulpes vulpes"
"23","2021-07-20 07:30:41","Vulpes vulpes"
"23","2021-07-28 18:23:03","Vulpes vulpes"
"23","2021-08-04 09:38:24","Vulpes vulpes"
"23","2021-08-07 00:04:40","Meles meles"
"23","2021-08-18 04:28:07","Vulpes vulpes"
"23","2021-08-30 00:58:59","Meles meles"
"23","2021-09-13 03:14:11","Vulpes vulpes"
"23B","2022-01-21 19:34:07","Vulpes vulpes"
"23B","2022-05-25 22:16:33","Vulpes vulpes"
"23B","2022-05-27 05:10:42","Vulpes vulpes"
"23B","2022-08-08 01:45:14","Lynx pardinus"
"23B","2022-12-12 18:00:43","Vulpes vulpes"
"23B","2023-10-03 20:31:30","Vulpes vulpes"
"24","2021-01-16 15:30:16","Herpestes ichneumon"
"24","2021-02-02 18:07:06","Herpestes ichneumon"
"24","2021-02-09 19:56:10","Vulpes vulpes"
"24","2021-02-10 18:23:00","Meles meles"
"24","2021-02-26 14:09:01","Vulpes vulpes"
"24","2021-03-07 15:26:55","Herpestes ichneumon"
"24","2021-03-09 19:33:17","Vulpes vulpes"
"24","2021-03-13 17:19:24","Vulpes vulpes"
"24","2021-03-19 18:45:50","Meles meles"
"24","2021-03-20 02:47:06","Meles meles"
"24","2021-03-26 11:58:08","Vulpes vulpes"
"24","2021-03-30 08:04:19","Vulpes vulpes"
"24","2021-04-01 17:48:50","Herpestes ichneumon"
"24","2021-04-02 19:46:50","Meles meles"
"24","2021-04-05 20:25:21","Genetta genetta"
"24","2021-04-09 20:25:06","Meles meles"
"24","2021-04-12 03:07:24","Genetta genetta"
"24","2021-04-12 20:25:46","Meles meles"
"24","2021-04-19 00:26:26","Genetta genetta"
"24","2021-04-20 16:42:34","Herpestes ichneumon"
"24","2021-04-23 12:31:03","Herpestes ichneumon"
"24","2021-04-28 19:35:42","Vulpes vulpes"
"24","2021-05-16 04:11:08","Genetta genetta"
"24","2021-05-17 03:25:11","Genetta genetta"
"24","2021-05-19 08:31:10","Vulpes vulpes"
"24","2021-06-17 17:09:54","Vulpes vulpes"
"24","2021-06-21 09:37:15","Vulpes vulpes"
"24","2021-07-17 20:58:09","Meles meles"
"24","2021-08-19 18:17:51","Vulpes vulpes"
"24","2021-08-26 18:39:14","Vulpes vulpes"
"24","2021-09-30 21:34:44","Vulpes vulpes"
"24","2021-10-04 04:47:13","Genetta genetta"
"24","2021-10-17 00:23:33","Meles meles"
"24","2021-11-05 16:33:49","Vulpes vulpes"
"24","2021-11-11 16:36:11","Herpestes ichneumon"
"24","2021-11-15 04:16:56","Meles meles"
"24","2021-11-28 16:36:56","Vulpes vulpes"
"24","2021-12-01 15:05:22","Vulpes vulpes"
"24","2021-12-13 00:56:56","Vulpes vulpes"
"24","2022-01-07 19:08:40","Meles meles"
"24","2022-01-13 09:30:33","Vulpes vulpes"
"24","2022-01-16 19:22:50","Vulpes vulpes"
"24","2022-01-16 21:39:40","Vulpes vulpes"
"24","2022-01-18 20:41:16","Vulpes vulpes"
"24","2022-01-28 18:25:13","Vulpes vulpes"
"24","2022-01-29 19:47:18","Meles meles"
"24","2022-01-31 20:06:59","Vulpes vulpes"
"24","2022-01-31 20:56:55","Vulpes vulpes"
"24","2022-02-01 22:46:28","Vulpes vulpes"
"24","2022-02-02 19:10:17","Meles meles"
"24","2022-02-02 23:12:02","Vulpes vulpes"
"24","2022-02-09 19:39:40","Vulpes vulpes"
"24","2022-02-13 15:48:37","Vulpes vulpes"
"24","2022-02-17 15:56:27","Vulpes vulpes"
"24","2022-02-19 06:27:03","Meles meles"
"24","2022-02-21 19:41:48","Vulpes vulpes"
"24","2022-02-26 19:16:59","Meles meles"
"24","2022-02-27 23:34:38","Meles meles"
"24","2022-03-01 04:10:53","Meles meles"
"24","2022-03-02 03:18:41","Vulpes vulpes"
"24","2022-03-05 21:44:25","Vulpes vulpes"
"24","2022-03-07 15:48:11","Vulpes vulpes"
"24","2022-03-20 04:07:02","Meles meles"
"24","2022-03-29 12:22:09","Vulpes vulpes"
"24","2022-04-07 10:41:27","Vulpes vulpes"
"24","2022-04-20 21:45:58","Vulpes vulpes"
"24","2022-04-25 22:39:55","Vulpes vulpes"
"24","2022-06-04 22:06:54","Vulpes vulpes"
"24","2022-06-06 23:23:07","Vulpes vulpes"
"24","2022-07-03 03:09:52","Vulpes vulpes"
"24","2022-08-03 06:48:42","Vulpes vulpes"
"24","2023-01-28 01:37:19","Vulpes vulpes"
"24","2023-01-29 21:27:15","Vulpes vulpes"
"24","2023-02-17 16:20:38","Vulpes vulpes"
"24","2023-03-02 15:19:44","Vulpes vulpes"
"24","2023-03-04 06:03:56","Vulpes vulpes"
"25","2021-02-28 20:47:28","Lynx pardinus"
"25","2021-03-22 21:43:15","Lynx pardinus"
"25","2021-05-01 22:57:00","Lynx pardinus"
"25B","2021-11-14 03:44:10","Vulpes vulpes"
"25B","2021-11-22 21:29:47","Vulpes vulpes"
"25B","2021-11-30 23:43:40","Vulpes vulpes"
"25B","2022-05-30 06:14:17","Lynx pardinus"
"25B","2022-06-20 20:30:34","Lynx pardinus"
"25B","2022-09-04 07:01:10","Vulpes vulpes"
"25B","2022-09-21 00:36:07","Vulpes vulpes"
"25B","2022-10-07 03:17:29","Lynx pardinus"
"25B","2023-01-23 05:54:35","Vulpes vulpes"
"25B","2023-02-06 19:32:44","Lynx pardinus"
"25B","2023-03-03 18:32:23","Lynx pardinus"
"25B","2023-04-07 04:33:40","Vulpes vulpes"
"25B","2023-04-12 02:00:38","Vulpes vulpes"
"25B","2023-04-12 19:38:00","Lynx pardinus"
"25B","2023-04-16 20:22:20","Lynx pardinus"
"25B","2023-04-20 05:15:40","Vulpes vulpes"
"25B","2023-09-01 23:09:32","Oryctolagus cuniculus"
"26","2021-02-01 11:57:22","Vulpes vulpes"
"26","2021-02-09 18:48:17","Meles meles"
"26","2021-08-19 11:12:02","Vulpes vulpes"
"26","2021-09-01 07:04:21","Vulpes vulpes"
"26","2021-09-09 09:46:24","Vulpes vulpes"
"26","2021-09-29 00:17:39","Vulpes vulpes"
"26","2021-09-29 05:57:01","Lepus granatensis"
"26B","2021-10-11 18:29:28","Lepus granatensis"
"26B","2021-10-13 19:57:02","Lepus granatensis"
"26B","2021-10-14 19:52:19","Lepus granatensis"
"26B","2021-10-15 19:14:34","Vulpes vulpes"
"26B","2021-10-15 20:15:32","Lepus granatensis"
"26B","2021-10-16 20:27:17","Lepus granatensis"
"26B","2021-10-17 02:35:06","Lepus granatensis"
"26B","2021-10-17 20:24:51","Lepus granatensis"
"26B","2021-10-18 00:55:43","Lepus granatensis"
"26B","2021-10-18 20:10:25","Lepus granatensis"
"26B","2021-10-21 18:30:18","Lepus granatensis"
"26B","2021-10-21 20:08:01","Lepus granatensis"
"26B","2021-10-24 18:06:55","Vulpes vulpes"
"26B","2021-10-25 18:15:47","Lepus granatensis"
"26B","2021-10-26 18:32:49","Lepus granatensis"
"26B","2021-10-30 19:00:56","Lepus granatensis"
"26B","2021-10-31 17:21:07","Vulpes vulpes"
"26B","2021-10-31 17:57:24","Lepus granatensis"
"26B","2021-11-01 18:02:02","Vulpes vulpes"
"26B","2021-11-02 18:11:04","Lepus granatensis"
"26B","2021-11-04 18:23:33","Lepus granatensis"
"26B","2021-11-04 20:53:20","Lepus granatensis"
"26B","2021-11-06 04:12:30","Vulpes vulpes"
"26B","2021-11-21 16:59:29","Vulpes vulpes"
"26B","2021-11-21 17:38:02","Lepus granatensis"
"26B","2021-11-22 17:05:43","Vulpes vulpes"
"26B","2021-11-22 23:27:53","Lepus granatensis"
"26B","2021-11-23 09:03:49","Vulpes vulpes"
"26B","2021-11-27 17:59:02","Lepus granatensis"
"26B","2021-11-28 05:58:03","Lepus granatensis"
"26B","2021-11-28 21:23:58","Vulpes vulpes"
"26B","2021-11-29 04:30:45","Lepus granatensis"
"26B","2021-11-29 05:55:37","Lepus granatensis"
"26B","2021-11-29 17:40:54","Lepus granatensis"
"26B","2021-11-29 19:23:20","Lepus granatensis"
"26B","2021-11-30 06:54:38","Lepus granatensis"
"26B","2021-12-02 18:48:14","Lepus granatensis"
"26B","2021-12-04 17:58:49","Lepus granatensis"
"26B","2021-12-06 18:15:07","Lepus granatensis"
"26B","2021-12-07 18:19:43","Genetta genetta"
"26B","2021-12-10 22:25:53","Lepus granatensis"
"26B","2021-12-11 17:48:40","Lepus granatensis"
"26B","2021-12-14 18:05:42","Lepus granatensis"
"26B","2021-12-16 06:43:15","Lepus granatensis"
"26B","2021-12-16 08:37:16","Vulpes vulpes"
"26B","2021-12-16 18:13:18","Vulpes vulpes"
"26B","2021-12-17 18:42:20","Lepus granatensis"
"26B","2021-12-17 23:59:50","Lepus granatensis"
"26B","2021-12-18 23:04:27","Vulpes vulpes"
"26B","2021-12-19 06:37:27","Lepus granatensis"
"26B","2021-12-19 22:30:44","Lepus granatensis"
"26B","2021-12-20 00:29:41","Lepus granatensis"
"26B","2021-12-20 01:31:25","Lepus granatensis"
"26B","2021-12-20 03:00:21","Lepus granatensis"
"26B","2021-12-20 17:43:51","Lepus granatensis"
"26B","2021-12-21 03:23:28","Vulpes vulpes"
"26B","2021-12-25 17:46:52","Vulpes vulpes"
"26B","2022-01-01 15:18:10","Vulpes vulpes"
"26B","2022-01-04 20:50:54","Lepus granatensis"
"26B","2022-01-05 01:02:06","Vulpes vulpes"
"26B","2022-01-05 18:37:25","Lepus granatensis"
"26B","2022-01-05 20:23:30","Lepus granatensis"
"26B","2022-01-05 21:24:04","Lepus granatensis"
"26B","2022-01-06 01:22:44","Vulpes vulpes"
"26B","2022-01-06 04:10:57","Vulpes vulpes"
"26B","2022-01-07 10:19:48","Vulpes vulpes"
"26B","2022-01-07 15:38:42","Vulpes vulpes"
"26B","2022-01-07 18:12:50","Lepus granatensis"
"26B","2022-01-07 19:22:14","Vulpes vulpes"
"26B","2022-01-08 18:07:09","Lepus granatensis"
"26B","2022-01-08 20:24:25","Vulpes vulpes"
"26B","2022-01-12 18:20:23","Lepus granatensis"
"26B","2022-01-12 21:18:16","Lepus granatensis"
"26B","2022-01-14 16:11:38","Vulpes vulpes"
"26B","2022-01-14 18:25:03","Lepus granatensis"
"26B","2022-01-16 18:26:42","Lepus granatensis"
"26B","2022-01-16 21:22:03","Lepus granatensis"
"26B","2022-01-17 17:01:38","Vulpes vulpes"
"26B","2022-01-20 18:18:51","Lepus granatensis"
"26B","2022-01-22 21:31:25","Vulpes vulpes"
"26B","2022-01-26 23:26:54","Vulpes vulpes"
"26B","2022-01-27 06:47:54","Lepus granatensis"
"26B","2022-01-27 08:41:56","Vulpes vulpes"
"26B","2022-01-28 21:38:08","Lepus granatensis"
"26B","2022-01-30 01:00:24","Lepus granatensis"
"26B","2022-01-30 21:15:20","Lepus granatensis"
"26B","2022-02-03 04:30:02","Lepus granatensis"
"26B","2022-02-03 06:02:05","Lepus granatensis"
"26B","2022-02-06 18:45:47","Lepus granatensis"
"26B","2022-02-08 02:02:26","Lepus granatensis"
"26B","2022-02-08 06:32:30","Lepus granatensis"
"26B","2022-02-08 19:04:45","Lepus granatensis"
"26B","2022-02-08 19:35:32","Lepus granatensis"
"26B","2022-02-08 22:50:11","Lepus granatensis"
"26B","2022-02-09 20:25:41","Lepus granatensis"
"26B","2022-02-10 18:35:48","Lepus granatensis"
"26B","2022-02-11 06:15:56","Vulpes vulpes"
"26B","2022-02-11 18:58:21","Lepus granatensis"
"26B","2022-02-12 18:32:03","Lepus granatensis"
"26B","2022-02-12 19:13:54","Meles meles"
"26B","2022-02-12 21:30:12","Lepus granatensis"
"26B","2022-02-14 18:41:29","Lepus granatensis"
"26B","2022-02-15 18:38:03","Lepus granatensis"
"26B","2022-02-16 06:14:04","Lepus granatensis"
"26B","2022-02-16 06:48:49","Lepus granatensis"
"26B","2022-02-18 16:40:22","Vulpes vulpes"
"26B","2022-02-18 19:30:33","Lepus granatensis"
"26B","2022-02-19 19:11:44","Lepus granatensis"
"26B","2022-02-19 21:44:47","Vulpes vulpes"
"26B","2022-02-21 06:44:52","Lepus granatensis"
"26B","2022-02-22 04:20:18","Lepus granatensis"
"26B","2022-02-22 06:36:34","Lepus granatensis"
"26B","2022-02-22 18:22:05","Vulpes vulpes"
"26B","2022-02-23 06:30:55","Lepus granatensis"
"26B","2022-02-23 18:44:12","Lepus granatensis"
"26B","2022-02-24 03:26:14","Lepus granatensis"
"26B","2022-02-24 06:25:56","Vulpes vulpes"
"26B","2022-02-25 19:12:16","Lepus granatensis"
"26B","2022-02-26 06:43:22","Lepus granatensis"
"26B","2022-03-02 20:07:05","Vulpes vulpes"
"26B","2022-03-04 04:11:17","Lepus granatensis"
"26B","2022-03-04 18:50:53","Lepus granatensis"
"26B","2022-03-04 21:53:52","Vulpes vulpes"
"26B","2022-03-05 05:15:48","Lepus granatensis"
"26B","2022-03-05 19:12:09","Vulpes vulpes"
"26B","2022-03-06 21:55:08","Lepus granatensis"
"26B","2022-03-08 04:27:36","Lepus granatensis"
"26B","2022-03-08 19:02:52","Lepus granatensis"
"26B","2022-03-09 14:27:27","Vulpes vulpes"
"26B","2022-03-09 22:13:40","Vulpes vulpes"
"26B","2022-03-13 13:23:02","Vulpes vulpes"
"26B","2022-03-13 17:58:29","Vulpes vulpes"
"26B","2022-03-14 05:57:22","Lepus granatensis"
"26B","2022-03-15 11:14:35","Vulpes vulpes"
"26B","2022-03-17 20:28:01","Meles meles"
"26B","2022-03-18 19:27:30","Meles meles"
"26B","2022-03-18 22:01:18","Lepus granatensis"
"26B","2022-03-18 23:53:48","Lepus granatensis"
"26B","2022-03-19 01:07:23","Lepus granatensis"
"26B","2022-03-19 19:24:22","Lepus granatensis"
"26B","2022-03-21 15:21:19","Vulpes vulpes"
"26B","2022-03-23 05:23:06","Vulpes vulpes"
"26B","2022-03-23 20:50:52","Vulpes vulpes"
"26B","2022-03-26 09:19:32","Herpestes ichneumon"
"26B","2022-03-27 20:26:38","Lepus granatensis"
"26B","2022-03-28 06:50:30","Vulpes vulpes"
"26B","2022-03-29 04:12:04","Vulpes vulpes"
"26B","2022-03-29 21:38:52","Vulpes vulpes"
"26B","2022-03-30 20:50:07","Lepus granatensis"
"26B","2022-03-31 00:02:09","Lepus granatensis"
"26B","2022-03-31 05:38:29","Lepus granatensis"
"26B","2022-03-31 22:18:55","Lepus granatensis"
"26B","2022-04-02 19:38:27","Lepus granatensis"
"26B","2022-04-03 01:56:16","Lepus granatensis"
"26B","2022-04-03 04:36:54","Vulpes vulpes"
"26B","2022-04-03 05:55:42","Lepus granatensis"
"26B","2022-04-03 20:18:02","Lepus granatensis"
"26B","2022-04-06 00:58:03","Vulpes vulpes"
"26B","2022-04-06 05:10:23","Lepus granatensis"
"26B","2022-04-06 06:43:01","Lepus granatensis"
"26B","2022-04-06 19:48:03","Lepus granatensis"
"26B","2022-04-07 19:50:49","Lepus granatensis"
"26B","2022-04-08 20:25:47","Lepus granatensis"
"26B","2022-04-09 19:51:01","Lepus granatensis"
"26B","2022-04-10 23:10:13","Lepus granatensis"
"26B","2022-04-11 02:51:36","Vulpes vulpes"
"26B","2022-04-11 06:23:53","Vulpes vulpes"
"26B","2022-04-13 20:34:13","Vulpes vulpes"
"26B","2022-04-13 21:24:05","Lepus granatensis"
"26B","2022-04-14 20:01:38","Meles meles"
"26B","2022-04-16 18:57:00","Vulpes vulpes"
"26B","2022-04-19 03:00:10","Lepus granatensis"
"26B","2022-04-20 03:23:58","Lepus granatensis"
"26B","2022-04-21 05:19:03","Meles meles"
"26B","2022-04-24 11:30:26","Vulpes vulpes"
"26B","2022-04-25 15:16:20","Vulpes vulpes"
"26B","2022-04-30 20:04:09","Lepus granatensis"
"26B","2022-05-03 17:41:05","Vulpes vulpes"
"26B","2022-05-03 20:27:49","Lepus granatensis"
"26B","2022-05-05 20:43:23","Lepus granatensis"
"26B","2022-05-07 21:34:59","Lepus granatensis"
"26B","2022-05-09 07:57:10","Vulpes vulpes"
"26B","2022-05-19 01:13:12","Lepus granatensis"
"26B","2022-05-19 08:35:52","Vulpes vulpes"
"26B","2022-05-22 21:28:52","Lepus granatensis"
"26B","2022-06-03 20:31:19","Lepus granatensis"
"26B","2022-06-15 02:22:15","Lepus granatensis"
"26B","2022-06-16 20:44:54","Vulpes vulpes"
"26B","2022-06-23 20:36:56","Vulpes vulpes"
"26B","2022-06-30 16:35:18","Vulpes vulpes"
"26B","2022-07-03 20:25:22","Meles meles"
"26B","2022-07-06 20:52:40","Lepus granatensis"
"26B","2022-09-28 19:03:12","Lepus granatensis"
"26B","2022-10-10 04:47:18","Vulpes vulpes"
"26B","2022-10-10 19:14:20","Meles meles"
"26B","2022-10-24 21:58:53","Vulpes vulpes"
"26B","2022-10-29 18:11:29","Lepus granatensis"
"26B","2022-10-31 17:48:36","Vulpes vulpes"
"26B","2022-11-01 18:30:47","Lepus granatensis"
"26B","2022-11-04 06:32:18","Lepus granatensis"
"26B","2022-11-05 18:44:39","Lepus granatensis"
"26B","2022-11-07 00:07:20","Vulpes vulpes"
"26B","2022-11-08 06:43:51","Lepus granatensis"
"26B","2022-11-09 18:46:57","Lepus granatensis"
"26B","2022-11-11 02:33:53","Lepus granatensis"
"26B","2022-11-11 05:13:45","Lepus granatensis"
"26B","2022-11-16 19:27:03","Vulpes vulpes"
"26B","2022-11-19 20:45:28","Vulpes vulpes"
"26B","2022-11-25 19:01:08","Lepus granatensis"
"26B","2022-11-28 17:52:31","Lepus granatensis"
"26B","2022-12-01 17:23:01","Vulpes vulpes"
"26B","2022-12-02 17:30:40","Vulpes vulpes"
"26B","2022-12-04 15:05:43","Lepus granatensis"
"26B","2022-12-04 18:23:08","Lepus granatensis"
"26B","2022-12-05 18:28:22","Lepus granatensis"
"26B","2022-12-06 17:00:15","Vulpes vulpes"
"26B","2022-12-06 19:08:02","Meles meles"
"26B","2022-12-09 07:38:23","Vulpes vulpes"
"26B","2022-12-16 13:56:36","Vulpes vulpes"
"26B","2022-12-18 13:43:17","Vulpes vulpes"
"26B","2022-12-23 17:55:33","Lepus granatensis"
"26B","2022-12-24 17:17:51","Vulpes vulpes"
"26B","2022-12-26 16:05:56","Vulpes vulpes"
"26B","2022-12-31 21:19:00","Lepus granatensis"
"26B","2023-01-17 18:35:31","Lepus granatensis"
"26B","2023-01-17 21:11:57","Lepus granatensis"
"26B","2023-01-18 06:19:11","Lepus granatensis"
"26B","2023-01-18 06:58:01","Lepus granatensis"
"26B","2023-01-18 18:58:11","Lepus granatensis"
"26B","2023-01-18 21:46:07","Lepus granatensis"
"26B","2023-01-19 12:53:57","Herpestes ichneumon"
"26B","2023-01-20 06:59:40","Lepus granatensis"
"26B","2023-01-23 06:44:30","Lepus granatensis"
"26B","2023-01-24 17:48:56","Vulpes vulpes"
"26B","2023-01-27 20:20:45","Lepus granatensis"
"26B","2023-01-29 00:29:19","Oryctolagus cuniculus"
"26B","2023-01-29 18:49:34","Lepus granatensis"
"26B","2023-01-29 22:53:47","Lepus granatensis"
"26B","2023-01-29 23:37:01","Lepus granatensis"
"26B","2023-01-31 01:22:12","Lepus granatensis"
"26B","2023-01-31 23:16:33","Vulpes vulpes"
"26B","2023-02-03 18:54:16","Lepus granatensis"
"26B","2023-02-05 19:19:49","Oryctolagus cuniculus"
"26B","2023-02-05 23:17:46","Lepus granatensis"
"26B","2023-02-06 00:16:42","Lepus granatensis"
"26B","2023-02-06 18:25:23","Vulpes vulpes"
"26B","2023-02-08 19:09:11","Lepus granatensis"
"26B","2023-02-09 15:28:48","Vulpes vulpes"
"26B","2023-02-09 21:13:08","Oryctolagus cuniculus"
"26B","2023-02-09 21:27:46","Lepus granatensis"
"26B","2023-02-10 05:12:44","Lepus granatensis"
"26B","2023-02-11 00:00:51","Meles meles"
"26B","2023-02-11 06:50:48","Lepus granatensis"
"26B","2023-02-12 00:17:27","Lepus granatensis"
"26B","2023-02-12 05:45:08","Lepus granatensis"
"26B","2023-02-12 18:57:47","Lepus granatensis"
"26B","2023-02-13 20:41:25","Vulpes vulpes"
"26B","2023-02-14 21:22:24","Vulpes vulpes"
"26B","2023-02-16 22:35:30","Vulpes vulpes"
"26B","2023-02-17 07:32:01","Vulpes vulpes"
"26B","2023-02-19 23:14:21","Lepus granatensis"
"26B","2023-02-20 20:43:16","Lepus granatensis"
"26B","2023-02-21 19:40:58","Lepus granatensis"
"26B","2023-02-23 20:17:00","Lepus granatensis"
"26B","2023-02-24 19:23:40","Lepus granatensis"
"26B","2023-02-24 20:06:10","Lepus granatensis"
"26B","2023-02-25 18:51:57","Lepus granatensis"
"26B","2023-02-26 06:40:38","Lepus granatensis"
"26B","2023-02-27 22:02:32","Lepus granatensis"
"26B","2023-02-28 18:47:28","Lepus granatensis"
"26B","2023-03-04 19:27:11","Lepus granatensis"
"26B","2023-03-04 20:39:27","Lepus granatensis"
"26B","2023-03-04 22:49:27","Vulpes vulpes"
"26B","2023-03-10 19:26:50","Lepus granatensis"
"26B","2023-03-11 20:44:04","Lepus granatensis"
"26B","2023-03-12 18:40:19","Vulpes vulpes"
"26B","2023-03-14 13:01:29","Vulpes vulpes"
"26B","2023-03-15 06:06:07","Lepus granatensis"
"26B","2023-03-16 16:05:03","Vulpes vulpes"
"26B","2023-03-20 23:08:26","Lepus granatensis"
"26B","2023-03-23 19:47:03","Lepus granatensis"
"26B","2023-03-26 19:26:49","Lepus granatensis"
"26B","2023-03-26 21:15:07","Lepus granatensis"
"26B","2023-03-27 04:33:15","Lepus granatensis"
"26B","2023-03-27 19:23:13","Lepus granatensis"
"26B","2023-03-28 07:58:28","Vulpes vulpes"
"26B","2023-03-28 10:55:14","Vulpes vulpes"
"26B","2023-03-28 19:15:21","Lepus granatensis"
"26B","2023-03-29 01:59:18","Lepus granatensis"
"26B","2023-03-29 03:14:40","Lepus granatensis"
"26B","2023-03-29 06:41:53","Vulpes vulpes"
"26B","2023-03-29 18:50:27","Vulpes vulpes"
"26B","2023-03-29 22:12:35","Lepus granatensis"
"26B","2023-04-01 20:57:43","Lepus granatensis"
"26B","2023-04-03 01:37:09","Vulpes vulpes"
"26B","2023-04-03 08:04:19","Vulpes vulpes"
"26B","2023-04-05 20:02:48","Lepus granatensis"
"26B","2023-04-06 05:46:52","Lepus granatensis"
"26B","2023-04-07 20:54:02","Lepus granatensis"
"26B","2023-04-07 23:29:12","Lepus granatensis"
"26B","2023-04-10 20:35:39","Lepus granatensis"
"26B","2023-04-15 19:58:33","Lepus granatensis"
"26B","2023-04-15 23:31:38","Vulpes vulpes"
"26B","2023-04-16 03:42:32","Vulpes vulpes"
"26B","2023-04-17 20:55:17","Lepus granatensis"
"26B","2023-04-20 21:46:59","Lepus granatensis"
"26B","2023-04-30 16:49:35","Vulpes vulpes"
"26B","2023-05-18 01:05:19","Vulpes vulpes"
"26B","2023-05-22 19:51:57","Vulpes vulpes"
"26B","2023-05-24 18:02:19","Vulpes vulpes"
"26B","2023-05-27 13:03:31","Vulpes vulpes"
"26B","2023-05-28 07:13:20","Vulpes vulpes"
"26B","2023-06-08 21:53:14","Vulpes vulpes"
"26B","2023-06-18 08:15:19","Vulpes vulpes"
"26B","2023-10-05 18:33:23","Lepus granatensis"
"26B","2023-10-05 21:04:22","Vulpes vulpes"
"26B","2023-10-08 02:46:52","Vulpes vulpes"
"26B","2023-10-08 18:36:05","Lepus granatensis"
"26B","2023-10-11 05:23:21","Vulpes vulpes"
"26B","2023-10-16 07:24:41","Vulpes vulpes"
"26B","2023-10-18 23:12:33","Vulpes vulpes"
"26B","2023-10-21 17:37:44","Vulpes vulpes"
"26B","2023-10-21 20:09:00","Vulpes vulpes"
"26B","2023-10-23 17:44:03","Vulpes vulpes"
"26B","2023-10-28 20:16:21","Lepus granatensis"
"26B","2023-10-31 10:38:01","Vulpes vulpes"
"26B","2023-11-02 19:11:21","Vulpes vulpes"
"26B","2023-11-03 01:11:52","Lepus granatensis"
"26B","2023-11-03 09:24:53","Vulpes vulpes"
"26B","2023-11-08 14:25:32","Vulpes vulpes"
"26B","2023-11-13 19:51:25","Vulpes vulpes"
"26B","2023-11-16 19:15:39","Vulpes vulpes"
"26B","2023-11-16 21:35:17","Vulpes vulpes"
"26B","2023-11-22 19:49:06","Lepus granatensis"
"26B","2023-11-29 14:10:39","Vulpes vulpes"
"26B","2023-12-15 19:07:28","Lepus granatensis"
"26B","2023-12-19 16:07:08","Vulpes vulpes"
"26B","2023-12-22 16:05:27","Vulpes vulpes"
"26B","2023-12-29 17:50:51","Vulpes vulpes"
"26B","2024-01-05 10:42:16","Vulpes vulpes"
"26B","2024-01-11 16:54:09","Vulpes vulpes"
"27","2021-03-10 16:33:36","Vulpes vulpes"
"27","2021-03-20 05:25:06","Vulpes vulpes"
"27","2021-04-21 23:35:58","Vulpes vulpes"
"27","2021-05-24 03:00:50","Vulpes vulpes"
"27","2021-06-07 05:23:53","Vulpes vulpes"
"27","2021-06-11 05:30:07","Vulpes vulpes"
"27","2021-06-23 22:26:11","Vulpes vulpes"
"27","2021-06-29 05:37:46","Vulpes vulpes"
"27","2021-06-30 00:32:50","Vulpes vulpes"
"27","2021-07-03 00:51:38","Vulpes vulpes"
"27","2021-08-17 04:54:15","Vulpes vulpes"
"27","2022-02-16 10:06:40","Oryctolagus cuniculus"
"27","2022-04-07 15:32:36","Vulpes vulpes"
"27","2022-04-19 07:15:15","Vulpes vulpes"
"27","2022-05-02 06:06:20","Vulpes vulpes"
"27","2022-05-12 02:48:04","Vulpes vulpes"
"27","2022-05-18 23:47:28","Vulpes vulpes"
"27","2022-06-11 00:21:30","Vulpes vulpes"
"27","2022-06-12 21:39:53","Vulpes vulpes"
"27","2022-06-24 21:25:03","Vulpes vulpes"
"27","2022-06-26 04:54:43","Vulpes vulpes"
"27","2022-07-09 01:34:27","Vulpes vulpes"
"27","2022-07-19 01:36:21","Vulpes vulpes"
"27","2022-07-20 04:33:05","Vulpes vulpes"
"27","2022-08-05 23:32:35","Vulpes vulpes"
"27","2022-08-14 04:26:58","Vulpes vulpes"
"27","2023-04-25 02:39:35","Vulpes vulpes"
"27","2023-05-05 03:16:00","Vulpes vulpes"
"27","2023-05-18 05:09:37","Vulpes vulpes"
"27","2023-06-18 04:42:52","Vulpes vulpes"
"27","2023-08-18 03:25:57","Vulpes vulpes"
"28","2021-01-24 11:09:53","Vulpes vulpes"
"28","2021-03-02 15:07:26","Vulpes vulpes"
"28","2021-03-15 10:21:56","Vulpes vulpes"
"28","2021-03-19 18:27:19","Vulpes vulpes"
"28","2021-03-20 10:26:30","Herpestes ichneumon"
"28","2021-04-10 08:02:00","Vulpes vulpes"
"28","2021-05-03 10:27:54","Vulpes vulpes"
"28","2021-05-13 00:26:48","Vulpes vulpes"
"28","2021-05-13 01:23:42","Vulpes vulpes"
"28","2021-05-15 08:03:12","Vulpes vulpes"
"28","2021-05-15 22:47:21","Vulpes vulpes"
"28","2021-05-18 04:25:13","Meles meles"
"28","2021-05-23 19:02:12","Vulpes vulpes"
"28","2021-06-02 00:25:09","Vulpes vulpes"
"28","2021-06-02 00:33:44","Meles meles"
"28","2021-06-07 07:49:11","Vulpes vulpes"
"28","2021-06-12 23:16:55","Genetta genetta"
"28","2021-07-07 01:39:49","Genetta genetta"
"28","2021-07-14 02:28:49","Vulpes vulpes"
"28","2021-07-28 00:05:00","Vulpes vulpes"
"28","2021-08-16 22:41:28","Meles meles"
"28","2021-08-17 21:10:45","Vulpes vulpes"
"28","2021-09-23 05:42:39","Vulpes vulpes"
"28","2021-09-26 19:53:30","Genetta genetta"
"28","2021-10-07 08:04:10","Vulpes vulpes"
"28","2021-10-21 23:10:52","Vulpes vulpes"
"28","2021-10-23 00:37:17","Genetta genetta"
"28","2021-11-03 19:11:46","Vulpes vulpes"
"28","2021-11-06 10:40:59","Vulpes vulpes"
"28","2021-11-06 11:23:24","Herpestes ichneumon"
"28","2021-11-07 05:30:56","Vulpes vulpes"
"28","2021-11-07 11:27:29","Vulpes vulpes"
"28","2021-11-17 19:21:16","Vulpes vulpes"
"28","2021-11-26 13:59:19","Vulpes vulpes"
"28","2021-11-30 18:04:17","Vulpes vulpes"
"28","2021-12-06 20:55:43","Genetta genetta"
"28","2022-01-08 15:49:54","Vulpes vulpes"
"28","2022-01-08 20:56:38","Meles meles"
"28","2022-01-16 12:28:43","Vulpes vulpes"
"28","2022-01-18 10:51:05","Vulpes vulpes"
"28","2022-01-19 13:01:31","Vulpes vulpes"
"28","2022-01-22 19:47:56","Genetta genetta"
"28","2022-01-28 01:41:26","Genetta genetta"
"28","2022-02-17 01:12:20","Genetta genetta"
"28","2022-02-21 21:12:14","Vulpes vulpes"
"28","2022-02-27 17:14:32","Vulpes vulpes"
"28","2022-03-01 13:29:34","Herpestes ichneumon"
"28","2022-03-05 21:09:37","Vulpes vulpes"
"28","2022-03-06 13:59:20","Vulpes vulpes"
"28","2022-03-06 21:51:41","Genetta genetta"
"28","2022-03-07 10:22:03","Vulpes vulpes"
"28","2022-03-11 16:53:35","Vulpes vulpes"
"28","2022-03-12 16:12:53","Vulpes vulpes"
"28","2022-03-20 07:06:00","Vulpes vulpes"
"28","2022-03-21 17:26:15","Vulpes vulpes"
"28","2022-04-07 19:28:37","Vulpes vulpes"
"28","2022-04-17 19:32:11","Vulpes vulpes"
"28","2022-04-30 08:32:52","Herpestes ichneumon"
"28","2022-04-30 23:40:21","Vulpes vulpes"
"28","2022-05-06 11:09:33","Vulpes vulpes"
"28","2022-05-12 01:07:03","Vulpes vulpes"
"28","2022-05-29 06:35:28","Vulpes vulpes"
"28","2022-06-01 02:59:26","Vulpes vulpes"
"28","2022-06-01 23:57:20","Meles meles"
"28","2022-06-03 21:38:48","Vulpes vulpes"
"28","2022-06-04 07:53:13","Vulpes vulpes"
"28","2022-10-03 18:28:04","Vulpes vulpes"
"28","2022-11-12 15:43:09","Vulpes vulpes"
"28","2022-11-12 20:00:46","Vulpes vulpes"
"28","2022-12-22 16:34:12","Vulpes vulpes"
"28","2023-01-22 18:23:27","Vulpes vulpes"
"28","2023-01-23 18:28:09","Vulpes vulpes"
"28","2023-01-28 07:42:03","Vulpes vulpes"
"28","2023-02-01 18:41:08","Vulpes vulpes"
"28","2023-02-04 16:55:14","Vulpes vulpes"
"28","2023-03-02 07:18:59","Vulpes vulpes"
"28","2023-03-07 12:41:59","Vulpes vulpes"
"28","2023-03-22 13:02:21","Vulpes vulpes"
"28","2023-03-28 10:47:44","Vulpes vulpes"
"29","2021-01-30 23:49:51","Vulpes vulpes"
"29","2021-02-05 03:09:23","Vulpes vulpes"
"29","2021-02-18 14:24:02","Vulpes vulpes"
"29","2021-03-13 03:48:01","Lepus granatensis"
"29","2021-03-19 05:57:56","Lepus granatensis"
"29","2021-03-28 01:11:05","Lepus granatensis"
"29","2021-03-29 02:44:45","Lepus granatensis"
"29","2021-04-03 13:39:22","Vulpes vulpes"
"29","2021-04-06 01:51:32","Lepus granatensis"
"29","2021-07-08 03:25:24","Vulpes vulpes"
"29","2021-07-13 07:55:13","Vulpes vulpes"
"29","2021-08-02 08:25:04","Vulpes vulpes"
"29","2021-10-05 18:41:32","Vulpes vulpes"
"29","2021-10-26 19:56:51","Vulpes vulpes"
"29","2021-11-07 06:09:21","Vulpes vulpes"
"29","2021-11-11 11:39:13","Vulpes vulpes"
"29","2021-11-15 00:39:55","Meles meles"
"29","2022-01-17 16:47:30","Vulpes vulpes"
"29","2022-02-11 17:30:44","Vulpes vulpes"
"29","2022-02-15 23:35:39","Vulpes vulpes"
"29","2022-04-03 05:36:44","Vulpes vulpes"
"29","2022-07-03 20:48:16","Vulpes vulpes"
"29","2022-07-15 00:59:08","Vulpes vulpes"
"29","2022-07-26 05:03:35","Vulpes vulpes"
"29","2022-08-11 23:42:00","Vulpes vulpes"
"29","2023-01-25 23:01:23","Vulpes vulpes"
"29","2023-03-27 21:16:01","Vulpes vulpes"
"29","2023-04-03 01:33:50","Lepus granatensis"
"29","2023-04-19 03:34:21","Lepus granatensis"
"29","2023-05-03 04:36:04","Vulpes vulpes"
"29","2023-05-05 22:04:06","Vulpes vulpes"
"29","2023-06-05 22:14:34","Vulpes vulpes"
"29","2023-06-07 00:42:15","Vulpes vulpes"
"29","2023-06-28 05:42:48","Vulpes vulpes"
"29","2023-08-13 05:40:50","Vulpes vulpes"
"30","2021-01-15 19:07:05","Lepus granatensis"
"30","2021-01-17 03:10:20","Lepus granatensis"
"30","2021-01-17 06:52:40","Lepus granatensis"
"30","2021-01-18 18:31:08","Lepus granatensis"
"30","2021-01-18 19:17:45","Lepus granatensis"
"30","2021-01-18 20:11:52","Lepus granatensis"
"30","2021-01-18 22:53:49","Vulpes vulpes"
"30","2021-01-19 06:37:21","Lepus granatensis"
"30","2021-01-20 00:37:25","Vulpes vulpes"
"30","2021-01-20 07:20:07","Lepus granatensis"
"30","2021-01-20 18:15:48","Lepus granatensis"
"30","2021-01-21 12:06:59","Vulpes vulpes"
"30","2021-01-21 18:22:33","Lepus granatensis"
"30","2021-01-22 05:16:25","Lepus granatensis"
"30","2021-01-22 05:51:40","Lepus granatensis"
"30","2021-01-22 07:15:40","Lepus granatensis"
"30","2021-01-23 14:46:11","Vulpes vulpes"
"30","2021-01-23 21:07:49","Lepus granatensis"
"30","2021-01-24 07:31:23","Lepus granatensis"
"30","2021-01-25 22:28:35","Lepus granatensis"
"30","2021-01-26 06:56:15","Lepus granatensis"
"30","2021-01-27 20:43:14","Vulpes vulpes"
"30","2021-01-29 13:17:36","Herpestes ichneumon"
"30","2021-01-30 00:29:27","Vulpes vulpes"
"30","2021-01-30 07:01:31","Lepus granatensis"
"30","2021-01-30 16:03:06","Vulpes vulpes"
"30","2021-01-31 01:23:33","Lepus granatensis"
"30","2021-01-31 06:42:10","Lepus granatensis"
"30","2021-01-31 20:59:37","Vulpes vulpes"
"30","2021-02-03 04:06:25","Lepus granatensis"
"30","2021-02-19 19:40:03","Lepus granatensis"
"30","2021-02-20 00:34:08","Lepus granatensis"
"30","2021-02-20 21:42:53","Lepus granatensis"
"30","2021-02-21 02:07:20","Meles meles"
"30","2021-02-21 23:55:34","Lepus granatensis"
"30","2021-02-22 12:10:28","Vulpes vulpes"
"30","2021-02-22 19:13:29","Lepus granatensis"
"30","2021-02-22 19:13:44","Vulpes vulpes"
"30","2021-02-22 20:11:31","Lepus granatensis"
"30","2021-02-23 19:11:11","Lepus granatensis"
"30","2021-02-23 19:56:37","Lepus granatensis"
"30","2021-02-23 20:43:23","Vulpes vulpes"
"30","2021-02-25 19:21:37","Lepus granatensis"
"30","2021-02-26 06:59:09","Lepus granatensis"
"30","2021-02-26 19:51:38","Lepus granatensis"
"30","2021-02-27 16:02:14","Vulpes vulpes"
"30","2021-02-28 06:04:53","Lepus granatensis"
"30","2021-02-28 06:04:57","Vulpes vulpes"
"30","2021-03-02 19:39:02","Vulpes vulpes"
"30","2021-03-03 21:07:19","Vulpes vulpes"
"30","2021-03-04 13:55:27","Vulpes vulpes"
"30","2021-03-05 20:24:29","Lepus granatensis"
"30","2021-03-06 20:02:02","Lepus granatensis"
"30","2021-03-08 03:16:09","Lepus granatensis"
"30","2021-03-08 19:09:50","Lepus granatensis"
"30","2021-03-08 20:11:08","Lepus granatensis"
"30","2021-03-09 20:22:58","Lepus granatensis"
"30","2021-03-10 12:44:32","Vulpes vulpes"
"30","2021-03-10 19:16:44","Lepus granatensis"
"30","2021-03-10 20:22:11","Lepus granatensis"
"30","2021-03-11 14:03:47","Vulpes vulpes"
"30","2021-03-11 19:14:12","Lepus granatensis"
"30","2021-03-11 20:12:20","Lepus granatensis"
"30","2021-03-12 19:45:49","Lepus granatensis"
"30","2021-03-13 20:25:37","Lepus granatensis"
"30","2021-03-14 20:30:24","Lepus granatensis"
"30","2021-03-15 19:16:00","Lepus granatensis"
"30","2021-03-15 20:04:34","Lepus granatensis"
"30","2021-03-15 20:59:03","Lepus granatensis"
"30","2021-03-15 22:57:50","Lepus granatensis"
"30","2021-03-16 01:18:44","Lepus granatensis"
"30","2021-03-17 20:27:06","Lepus granatensis"
"30","2021-03-18 15:56:28","Vulpes vulpes"
"30","2021-03-18 19:34:48","Lepus granatensis"
"30","2021-03-18 20:24:02","Lepus granatensis"
"30","2021-03-19 06:30:37","Lepus granatensis"
"30","2021-03-19 20:32:07","Lepus granatensis"
"30","2021-03-20 00:15:45","Vulpes vulpes"
"30","2021-03-20 06:13:41","Lepus granatensis"
"30","2021-03-20 20:38:07","Lepus granatensis"
"30","2021-03-21 00:52:23","Lepus granatensis"
"30","2021-03-21 01:51:23","Lepus granatensis"
"30","2021-03-21 03:42:57","Lepus granatensis"
"30","2021-03-21 20:45:08","Lepus granatensis"
"30","2021-03-22 20:45:52","Lepus granatensis"
"30","2021-03-23 00:26:18","Lepus granatensis"
"30","2021-03-23 20:07:34","Lepus granatensis"
"30","2021-03-23 20:56:07","Lepus granatensis"
"30","2021-03-23 21:17:55","Vulpes vulpes"
"30","2021-03-24 09:47:36","Vulpes vulpes"
"30","2021-03-24 20:49:46","Lepus granatensis"
"30","2021-03-25 20:46:24","Lepus granatensis"
"30","2021-03-26 22:46:32","Lepus granatensis"
"30","2021-03-27 04:53:23","Lepus granatensis"
"30","2021-03-28 04:06:44","Lepus granatensis"
"30","2021-03-28 04:55:41","Lepus granatensis"
"30","2021-03-28 06:18:03","Lepus granatensis"
"30","2021-03-28 06:53:02","Lepus granatensis"
"30","2021-03-28 07:36:21","Lepus granatensis"
"30","2021-03-29 21:16:59","Lepus granatensis"
"30","2021-03-30 05:08:10","Lepus granatensis"
"30","2021-03-30 05:48:58","Lepus granatensis"
"30","2021-03-30 06:19:54","Lepus granatensis"
"30","2021-03-31 02:25:31","Lepus granatensis"
"30","2021-04-01 06:15:28","Lepus granatensis"
"30","2021-04-02 16:46:03","Vulpes vulpes"
"30","2021-04-04 19:40:34","Lepus granatensis"
"30","2021-04-06 00:05:05","Lepus granatensis"
"30","2021-04-06 02:08:46","Lepus granatensis"
"30","2021-04-06 05:20:00","Lepus granatensis"
"30","2021-04-06 21:13:46","Lepus granatensis"
"30","2021-04-06 22:22:31","Lepus granatensis"
"30","2021-04-06 22:54:17","Lepus granatensis"
"30","2021-04-06 23:43:35","Lepus granatensis"
"30","2021-04-07 00:32:27","Lepus granatensis"
"30","2021-04-07 01:50:11","Lepus granatensis"
"30","2021-04-07 07:30:19","Lepus granatensis"
"30","2021-04-07 08:12:17","Lepus granatensis"
"30","2021-04-07 22:31:35","Vulpes vulpes"
"30","2021-04-09 01:10:56","Lepus granatensis"
"30","2021-04-09 02:04:42","Lepus granatensis"
"30","2021-04-09 02:52:28","Lepus granatensis"
"30","2021-04-09 05:38:14","Lepus granatensis"
"30","2021-04-09 20:36:10","Lepus granatensis"
"30","2021-04-10 00:16:21","Lepus granatensis"
"30","2021-04-10 04:50:02","Lepus granatensis"
"30","2021-04-10 05:29:50","Lepus granatensis"
"30","2021-04-10 19:25:48","Vulpes vulpes"
"30","2021-04-10 23:16:27","Lepus granatensis"
"30","2021-04-11 07:38:38","Lepus granatensis"
"30","2021-04-12 19:42:06","Vulpes vulpes"
"30","2021-04-12 20:42:10","Lepus granatensis"
"30","2021-04-13 03:06:12","Lepus granatensis"
"30","2021-04-13 04:38:04","Vulpes vulpes"
"30","2021-04-13 18:11:00","Vulpes vulpes"
"30","2021-04-15 04:31:36","Vulpes vulpes"
"30","2021-04-15 06:12:16","Lepus granatensis"
"30","2021-04-16 01:02:36","Vulpes vulpes"
"30","2021-04-18 21:42:52","Vulpes vulpes"
"30","2021-04-20 19:53:13","Vulpes vulpes"
"30","2021-04-23 20:52:55","Vulpes vulpes"
"30","2021-04-25 05:56:38","Lepus granatensis"
"30","2021-04-28 09:01:50","Vulpes vulpes"
"30","2021-06-19 20:07:14","Lepus granatensis"
"30","2021-06-19 22:06:12","Meles meles"
"30","2021-08-17 06:11:27","Vulpes vulpes"
"30","2021-08-17 19:40:15","Lepus granatensis"
"30","2021-08-18 22:49:35","Vulpes vulpes"
"30","2021-09-17 21:42:46","Lepus granatensis"
"30","2021-09-20 19:49:14","Lepus granatensis"
"30","2021-09-21 18:58:58","Lepus granatensis"
"30","2021-09-24 19:01:59","Lepus granatensis"
"30","2021-10-24 18:18:12","Vulpes vulpes"
"30","2021-11-06 18:06:17","Lepus granatensis"
"30","2021-11-09 18:30:17","Lepus granatensis"
"30","2021-11-11 16:27:53","Vulpes vulpes"
"30","2021-11-11 18:47:33","Lepus granatensis"
"30","2021-11-15 17:14:09","Vulpes vulpes"
"30","2021-11-22 18:17:19","Vulpes vulpes"
"30","2021-11-26 18:12:00","Vulpes vulpes"
"30","2021-12-04 18:49:48","Vulpes vulpes"
"30","2021-12-04 21:52:00","Vulpes vulpes"
"30","2021-12-05 00:30:22","Vulpes vulpes"
"30","2021-12-10 20:00:44","Vulpes vulpes"
"30","2021-12-12 19:46:44","Vulpes vulpes"
"30","2021-12-30 11:59:24","Vulpes vulpes"
"30","2022-01-30 03:05:34","Vulpes vulpes"
"30","2022-02-08 09:21:08","Vulpes vulpes"
"30","2022-02-17 18:51:38","Vulpes vulpes"
"30","2022-03-05 06:30:56","Lepus granatensis"
"30","2022-03-05 19:01:33","Lepus granatensis"
"30","2022-03-25 21:57:45","Vulpes vulpes"
"30","2022-04-01 07:22:31","Vulpes vulpes"
"30","2022-04-03 21:53:18","Vulpes vulpes"
"30","2022-04-03 22:27:42","Vulpes vulpes"
"30","2022-04-04 06:05:01","Vulpes vulpes"
"30","2022-04-16 19:33:42","Lepus granatensis"
"30","2022-04-17 19:49:50","Lepus granatensis"
"30","2022-04-19 04:08:42","Vulpes vulpes"
"30","2022-04-23 19:11:41","Vulpes vulpes"
"30","2022-05-13 21:03:48","Lepus granatensis"
"30","2022-05-21 02:55:20","Vulpes vulpes"
"30","2022-05-21 17:43:52","Vulpes vulpes"
"30","2022-05-25 21:40:40","Lepus granatensis"
"30","2022-05-31 05:11:16","Lepus granatensis"
"30","2022-07-02 06:39:01","Vulpes vulpes"
"30","2022-07-03 20:11:53","Vulpes vulpes"
"30","2022-08-02 21:17:27","Vulpes vulpes"
"30","2022-08-09 00:23:08","Vulpes vulpes"
"30","2022-08-18 06:37:16","Vulpes vulpes"
"30","2022-08-20 01:54:48","Vulpes vulpes"
"30","2022-08-22 22:10:08","Vulpes vulpes"
"30","2022-10-04 19:27:03","Vulpes vulpes"
"30","2022-10-05 04:59:28","Vulpes vulpes"
"30","2022-10-30 18:38:32","Vulpes vulpes"
"30","2022-11-07 18:48:44","Vulpes vulpes"
"30","2022-11-10 23:55:39","Vulpes vulpes"
"30","2022-11-18 03:46:10","Vulpes vulpes"
"30","2022-11-22 07:25:16","Vulpes vulpes"
"30","2022-12-06 16:23:00","Vulpes vulpes"
"30","2023-01-20 21:25:43","Lepus granatensis"
"30","2023-01-21 19:11:57","Vulpes vulpes"
"30","2023-01-28 18:24:01","Vulpes vulpes"
"30","2023-01-28 20:06:27","Vulpes vulpes"
"30","2023-02-01 18:29:54","Vulpes vulpes"
"30","2023-07-08 21:30:34","Vulpes vulpes"
"30","2023-07-30 23:24:00","Vulpes vulpes"
"30","2023-08-02 05:27:06","Vulpes vulpes"
"30","2023-12-06 18:23:16","Vulpes vulpes"
"31","2021-01-15 20:25:14","Vulpes vulpes"
"31","2021-01-24 19:25:42","Vulpes vulpes"
"31","2021-02-08 23:16:51","Meles meles"
"31","2021-02-09 21:07:19","Vulpes vulpes"
"31","2021-02-12 14:45:03","Vulpes vulpes"
"31","2021-02-13 18:53:45","Vulpes vulpes"
"31","2021-02-15 00:38:52","Vulpes vulpes"
"31","2021-02-17 19:39:39","Vulpes vulpes"
"31","2021-03-02 14:57:46","Vulpes vulpes"
"31","2021-03-03 04:07:21","Vulpes vulpes"
"31","2021-03-05 13:14:47","Vulpes vulpes"
"31","2021-03-10 21:35:25","Vulpes vulpes"
"31","2021-03-13 12:44:09","Vulpes vulpes"
"31","2021-03-14 00:35:00","Meles meles"
"31","2021-03-14 19:19:13","Vulpes vulpes"
"31","2021-03-24 20:29:54","Vulpes vulpes"
"31","2021-03-25 21:36:19","Vulpes vulpes"
"31","2021-03-25 22:30:49","Vulpes vulpes"
"31","2021-03-26 19:56:54","Vulpes vulpes"
"31","2021-03-28 12:34:12","Vulpes vulpes"
"31","2021-03-29 21:25:36","Vulpes vulpes"
"31","2021-03-30 19:46:04","Vulpes vulpes"
"31","2021-04-01 15:33:45","Vulpes vulpes"
"31","2021-04-02 17:19:38","Vulpes vulpes"
"31","2021-04-08 17:05:13","Vulpes vulpes"
"31","2021-04-10 13:59:19","Herpestes ichneumon"
"31","2021-04-22 09:33:01","Oryctolagus cuniculus"
"31","2021-04-22 20:23:54","Vulpes vulpes"
"31","2021-04-23 00:06:30","Vulpes vulpes"
"31","2021-04-23 09:06:32","Oryctolagus cuniculus"
"31","2021-04-28 23:34:11","Vulpes vulpes"
"31","2021-04-29 09:41:43","Oryctolagus cuniculus"
"31","2021-04-29 22:17:24","Vulpes vulpes"
"31","2021-04-30 20:34:51","Vulpes vulpes"
"31","2021-05-04 02:31:56","Oryctolagus cuniculus"
"31","2021-05-06 22:34:23","Vulpes vulpes"
"31","2021-05-11 01:37:41","Vulpes vulpes"
"31","2021-05-11 23:21:24","Vulpes vulpes"
"31","2021-05-15 21:28:48","Vulpes vulpes"
"31","2021-05-17 23:43:58","Meles meles"
"31","2021-05-25 21:24:58","Vulpes vulpes"
"31","2021-05-26 16:53:11","Vulpes vulpes"
"31","2021-06-07 05:51:54","Oryctolagus cuniculus"
"31","2021-06-09 03:20:07","Vulpes vulpes"
"31","2021-06-19 22:52:23","Vulpes vulpes"
"31","2021-06-20 16:16:06","Vulpes vulpes"
"31","2021-06-24 16:56:01","Vulpes vulpes"
"31","2021-06-25 08:36:22","Vulpes vulpes"
"31","2021-06-25 23:42:42","Vulpes vulpes"
"31","2021-07-23 04:51:31","Vulpes vulpes"
"31","2021-07-31 07:15:02","Vulpes vulpes"
"31","2021-08-02 03:07:01","Vulpes vulpes"
"31","2021-09-18 03:44:20","Meles meles"
"31","2021-09-18 04:58:45","Meles meles"
"31","2021-09-18 12:04:18","Herpestes ichneumon"
"31","2021-09-19 06:35:23","Vulpes vulpes"
"31","2021-09-19 07:37:30","Vulpes vulpes"
"31","2021-09-20 03:44:43","Meles meles"
"31","2021-09-25 09:07:36","Vulpes vulpes"
"31","2021-09-28 23:43:21","Vulpes vulpes"
"31","2021-10-01 09:16:11","Vulpes vulpes"
"31","2021-10-03 12:31:47","Vulpes vulpes"
"31","2021-10-04 19:12:57","Vulpes vulpes"
"31","2021-10-08 19:44:59","Vulpes vulpes"
"32","2021-02-03 03:53:17","Vulpes vulpes"
"32","2021-02-16 16:07:54","Vulpes vulpes"
"32","2021-02-24 12:24:40","Vulpes vulpes"
"32","2021-02-26 16:03:50","Vulpes vulpes"
"32","2021-03-03 20:57:21","Vulpes vulpes"
"32","2021-03-06 15:59:51","Vulpes vulpes"
"32","2021-03-30 13:29:15","Vulpes vulpes"
"32","2021-04-18 14:46:42","Vulpes vulpes"
"32","2021-04-19 19:43:51","Vulpes vulpes"
"32","2021-04-20 00:40:21","Vulpes vulpes"
"32","2021-04-23 03:10:44","Vulpes vulpes"
"32","2021-04-24 00:21:51","Vulpes vulpes"
"32","2021-04-25 04:12:39","Vulpes vulpes"
"32","2021-04-25 19:59:43","Vulpes vulpes"
"32","2021-04-27 20:41:00","Vulpes vulpes"
"32","2021-05-15 10:09:26","Vulpes vulpes"
"32","2021-05-16 02:51:49","Vulpes vulpes"
"32","2021-06-17 20:29:55","Vulpes vulpes"
"32","2021-06-17 22:35:12","Vulpes vulpes"
"32","2021-07-13 04:03:54","Vulpes vulpes"
"32","2021-08-19 05:56:28","Vulpes vulpes"
"32","2021-10-06 04:02:48","Vulpes vulpes"
"32","2021-10-07 02:46:17","Vulpes vulpes"
"32","2021-10-10 00:55:06","Vulpes vulpes"
"32","2021-10-12 02:19:49","Vulpes vulpes"
"32","2021-10-13 01:10:03","Vulpes vulpes"
"32","2021-10-15 02:43:16","Vulpes vulpes"
"32","2021-10-16 20:36:55","Vulpes vulpes"
"32","2021-10-19 03:11:14","Vulpes vulpes"
"32","2021-10-28 02:40:25","Vulpes vulpes"
"32","2021-11-04 00:26:23","Vulpes vulpes"
"32","2021-11-04 20:11:43","Vulpes vulpes"
"32","2021-11-07 21:25:12","Vulpes vulpes"
"32","2021-11-09 20:15:52","Vulpes vulpes"
"32","2021-11-09 23:04:02","Vulpes vulpes"
"32","2021-11-13 02:10:30","Vulpes vulpes"
"32","2021-11-16 19:05:28","Vulpes vulpes"
"32","2021-11-18 04:29:28","Oryctolagus cuniculus"
"32","2021-11-19 00:04:53","Vulpes vulpes"
"32","2021-11-30 14:39:42","Herpestes ichneumon"
"32","2021-12-02 16:44:47","Vulpes vulpes"
"32","2021-12-03 19:42:50","Vulpes vulpes"
"32","2021-12-16 23:10:27","Vulpes vulpes"
"32","2021-12-28 16:02:26","Herpestes ichneumon"
"32","2021-12-30 12:54:55","Herpestes ichneumon"
"32","2021-12-31 12:09:06","Vulpes vulpes"
"32","2022-01-03 14:51:20","Vulpes vulpes"
"32","2022-01-19 17:58:28","Vulpes vulpes"
"32","2022-01-26 09:09:25","Vulpes vulpes"
"32","2022-02-01 00:34:49","Vulpes vulpes"
"32","2022-02-05 14:36:37","Vulpes vulpes"
"32","2022-02-10 20:34:33","Vulpes vulpes"
"32","2022-02-11 19:17:23","Vulpes vulpes"
"32","2022-02-23 23:26:54","Vulpes vulpes"
"32","2022-03-07 00:24:08","Vulpes vulpes"
"32","2022-03-25 20:16:20","Vulpes vulpes"
"32","2022-04-03 14:01:34","Vulpes vulpes"
"32","2022-04-03 23:37:36","Vulpes vulpes"
"32","2022-04-05 19:51:41","Vulpes vulpes"
"32","2022-04-14 19:36:46","Vulpes vulpes"
"32","2022-04-28 19:10:15","Vulpes vulpes"
"32","2022-05-03 18:56:22","Vulpes vulpes"
"32","2022-05-17 02:30:10","Vulpes vulpes"
"32","2022-05-18 00:53:52","Vulpes vulpes"
"32","2022-05-19 02:19:51","Vulpes vulpes"
"32","2022-05-22 02:34:40","Vulpes vulpes"
"32","2022-06-16 23:28:45","Vulpes vulpes"
"32","2022-06-17 21:05:17","Vulpes vulpes"
"32","2022-06-17 22:19:20","Vulpes vulpes"
"32","2022-06-18 20:24:11","Vulpes vulpes"
"32","2022-06-22 01:45:28","Vulpes vulpes"
"32","2022-07-25 04:11:35","Vulpes vulpes"
"32","2022-07-31 04:21:56","Vulpes vulpes"
"32","2022-08-01 03:27:34","Vulpes vulpes"
"32","2022-09-17 02:53:03","Vulpes vulpes"
"32","2022-09-17 19:21:37","Vulpes vulpes"
"32","2022-09-18 02:18:22","Vulpes vulpes"
"32","2022-09-19 02:12:35","Vulpes vulpes"
"32","2022-09-19 23:34:02","Vulpes vulpes"
"32","2022-09-20 03:49:57","Vulpes vulpes"
"32","2022-09-21 02:58:16","Vulpes vulpes"
"32","2022-09-25 02:57:15","Vulpes vulpes"
"32","2022-09-28 01:05:58","Vulpes vulpes"
"32","2022-09-30 03:56:58","Vulpes vulpes"
"32","2022-10-27 22:09:33","Vulpes vulpes"
"32","2022-10-29 17:29:46","Vulpes vulpes"
"32","2022-11-01 18:05:19","Vulpes vulpes"
"32","2022-11-02 04:27:12","Vulpes vulpes"
"32","2022-11-07 16:27:11","Vulpes vulpes"
"32","2022-11-09 17:39:08","Vulpes vulpes"
"32","2022-11-25 19:33:54","Vulpes vulpes"
"32","2022-12-15 09:03:58","Vulpes vulpes"
"32","2023-01-27 08:53:02","Vulpes vulpes"
"32","2023-01-31 21:39:52","Vulpes vulpes"
"32","2023-02-09 18:05:23","Vulpes vulpes"
"32","2023-02-18 21:05:14","Oryctolagus cuniculus"
"32","2023-02-24 11:32:24","Vulpes vulpes"
"32","2023-03-13 13:06:29","Vulpes vulpes"
"32","2023-03-17 14:03:25","Vulpes vulpes"
"32","2023-04-01 02:48:02","Meles meles"
"32","2023-04-01 07:20:03","Herpestes ichneumon"
"32","2023-04-06 09:20:25","Herpestes ichneumon"
"32","2023-04-08 06:10:08","Vulpes vulpes"
"32","2023-04-12 09:12:31","Herpestes ichneumon"
"32","2023-04-18 05:41:59","Vulpes vulpes"
"32","2023-05-03 08:05:15","Herpestes ichneumon"
"32","2023-05-14 07:48:51","Herpestes ichneumon"
"32","2023-05-15 05:22:13","Vulpes vulpes"
"32","2023-05-17 20:45:12","Vulpes vulpes"
"32","2023-05-21 18:05:24","Herpestes ichneumon"
"32","2023-05-29 00:16:22","Vulpes vulpes"
"32","2023-06-04 14:19:09","Herpestes ichneumon"
"32","2023-06-07 21:48:36","Vulpes vulpes"
"32","2023-06-08 22:26:10","Vulpes vulpes"
"32","2023-06-09 21:22:15","Vulpes vulpes"
"32","2023-06-15 04:28:41","Vulpes vulpes"
"32","2023-06-19 20:54:17","Vulpes vulpes"
"32","2023-06-19 21:27:30","Vulpes vulpes"
"32","2023-06-24 22:52:03","Vulpes vulpes"
"32","2023-06-25 21:11:33","Vulpes vulpes"
"32","2023-06-28 00:02:51","Vulpes vulpes"
"32","2023-07-09 05:15:28","Vulpes vulpes"
"32","2023-07-12 21:12:30","Vulpes vulpes"
"32","2023-07-13 01:28:06","Meles meles"
"32","2023-07-19 04:36:02","Vulpes vulpes"
"32","2023-07-21 05:22:29","Vulpes vulpes"
"32","2023-07-22 21:44:20","Vulpes vulpes"
"32","2023-07-28 06:33:43","Vulpes vulpes"
"32","2023-07-28 07:25:49","Vulpes vulpes"
"32","2023-08-01 22:36:52","Vulpes vulpes"
"32","2023-08-09 06:11:41","Vulpes vulpes"
"32","2023-10-29 05:11:17","Vulpes vulpes"
"32","2023-10-31 20:52:43","Vulpes vulpes"
"32","2023-11-14 23:57:42","Vulpes vulpes"
"32","2023-12-07 12:44:18","Herpestes ichneumon"
"32","2023-12-15 16:45:12","Vulpes vulpes"
"32","2023-12-28 21:29:39","Meles meles"
"32","2023-12-30 03:28:27","Genetta genetta"
"32","2023-12-31 19:45:03","Vulpes vulpes"
"32","2024-01-03 21:51:13","Meles meles"
"33","2021-01-15 18:19:40","Genetta genetta"
"33","2021-01-23 09:11:44","Vulpes vulpes"
"33","2021-02-01 01:51:03","Vulpes vulpes"
"33","2021-02-17 01:35:26","Vulpes vulpes"
"33","2021-02-26 16:53:58","Oryctolagus cuniculus"
"33","2021-04-02 02:47:31","Vulpes vulpes"
"33","2021-04-26 01:45:00","Vulpes vulpes"
"33","2021-05-05 00:22:46","Vulpes vulpes"
"33","2021-05-05 23:04:19","Meles meles"
"33","2021-05-08 21:13:53","Vulpes vulpes"
"33","2021-05-12 21:39:22","Vulpes vulpes"
"33","2021-05-17 02:01:02","Vulpes vulpes"
"33","2021-05-19 23:46:16","Vulpes vulpes"
"33","2021-05-25 23:40:34","Meles meles"
"33","2021-06-15 05:51:32","Genetta genetta"
"33","2021-06-30 19:47:46","Vulpes vulpes"
"33","2021-07-03 07:48:55","Vulpes vulpes"
"33","2021-07-09 02:05:36","Vulpes vulpes"
"33","2021-07-09 02:36:17","Vulpes vulpes"
"33","2021-07-18 06:00:13","Vulpes vulpes"
"33","2021-08-12 01:57:37","Vulpes vulpes"
"33","2021-08-21 03:26:41","Oryctolagus cuniculus"
"33","2021-08-22 00:39:16","Vulpes vulpes"
"33","2021-08-23 01:07:56","Vulpes vulpes"
"33","2021-08-24 19:21:16","Vulpes vulpes"
"33","2021-08-30 18:48:29","Vulpes vulpes"
"33","2021-08-31 19:22:28","Vulpes vulpes"
"33","2021-09-06 02:14:19","Vulpes vulpes"
"33","2021-09-07 02:02:52","Vulpes vulpes"
"33","2021-09-08 19:48:26","Vulpes vulpes"
"33","2021-09-12 07:46:43","Vulpes vulpes"
"33","2021-09-29 02:15:03","Vulpes vulpes"
"33","2021-10-01 20:47:29","Vulpes vulpes"
"33","2021-10-02 02:23:51","Vulpes vulpes"
"33","2021-10-03 13:38:28","Vulpes vulpes"
"33","2021-10-09 02:02:48","Oryctolagus cuniculus"
"33","2021-10-19 08:01:29","Vulpes vulpes"
"33","2021-10-24 18:39:06","Vulpes vulpes"
"33","2021-11-03 01:28:34","Vulpes vulpes"
"33","2021-11-06 20:03:37","Vulpes vulpes"
"33","2021-11-10 00:45:41","Vulpes vulpes"
"33","2021-11-18 00:42:31","Vulpes vulpes"
"33","2021-11-27 14:01:28","Vulpes vulpes"
"33","2021-12-04 19:43:49","Vulpes vulpes"
"33","2021-12-07 13:06:53","Vulpes vulpes"
"33","2021-12-08 04:31:37","Vulpes vulpes"
"33","2021-12-09 00:38:07","Vulpes vulpes"
"33","2021-12-09 06:16:18","Vulpes vulpes"
"33","2021-12-12 18:03:55","Vulpes vulpes"
"33","2022-01-03 02:03:58","Vulpes vulpes"
"33","2022-01-05 16:17:00","Vulpes vulpes"
"33","2022-01-06 13:11:52","Vulpes vulpes"
"33","2022-01-09 10:23:27","Herpestes ichneumon"
"33","2022-01-24 06:28:52","Vulpes vulpes"
"33","2022-01-31 22:16:30","Meles meles"
"33","2022-03-20 06:23:55","Vulpes vulpes"
"33","2022-04-13 22:26:48","Vulpes vulpes"
"33","2022-04-17 02:57:55","Vulpes vulpes"
"33","2022-05-14 23:10:14","Meles meles"
"33","2022-05-26 09:40:06","Vulpes vulpes"
"33","2022-05-26 20:04:47","Vulpes vulpes"
"33","2022-05-27 17:23:40","Vulpes vulpes"
"33","2022-06-02 00:48:56","Vulpes vulpes"
"33","2022-06-02 05:10:59","Vulpes vulpes"
"33","2022-06-02 08:03:55","Vulpes vulpes"
"33","2022-07-01 00:29:24","Vulpes vulpes"
"33","2022-07-09 10:13:29","Vulpes vulpes"
"33","2022-07-11 06:44:11","Vulpes vulpes"
"33","2022-07-26 10:10:15","Vulpes vulpes"
"33","2022-07-29 19:53:22","Vulpes vulpes"
"33","2022-08-06 21:37:14","Vulpes vulpes"
"33","2022-08-07 20:59:24","Vulpes vulpes"
"33","2022-08-08 22:35:33","Vulpes vulpes"
"33","2022-08-10 20:10:23","Vulpes vulpes"
"33","2022-08-11 18:53:47","Vulpes vulpes"
"33","2022-08-13 02:51:00","Vulpes vulpes"
"33","2022-08-16 19:17:53","Vulpes vulpes"
"33","2022-08-21 22:30:10","Vulpes vulpes"
"33","2022-08-31 00:23:09","Vulpes vulpes"
"33","2022-09-02 19:29:56","Vulpes vulpes"
"33","2022-09-09 06:10:39","Vulpes vulpes"
"33","2022-10-28 08:03:27","Vulpes vulpes"
"33","2022-12-27 01:02:48","Vulpes vulpes"
"33","2022-12-27 18:51:34","Oryctolagus cuniculus"
"33","2023-01-25 05:20:29","Vulpes vulpes"
"33","2023-02-02 08:36:11","Herpestes ichneumon"
"33","2023-02-11 13:34:16","Vulpes vulpes"
"33","2023-02-23 14:01:01","Vulpes vulpes"
"33","2023-02-28 14:13:45","Vulpes vulpes"
"33","2023-03-04 08:22:03","Vulpes vulpes"
"33","2023-03-09 08:12:56","Vulpes vulpes"
"33","2023-03-15 03:28:52","Meles meles"
"33","2023-03-15 11:59:42","Vulpes vulpes"
"33","2023-03-18 16:32:14","Herpestes ichneumon"
"33","2023-03-18 17:49:36","Vulpes vulpes"
"33","2023-03-30 05:32:46","Vulpes vulpes"
"33","2023-04-05 17:53:50","Vulpes vulpes"
"33","2023-04-17 04:55:14","Vulpes vulpes"
"33","2023-04-18 23:43:47","Vulpes vulpes"
"33","2023-04-20 15:52:36","Herpestes ichneumon"
"33","2023-04-21 03:45:35","Vulpes vulpes"
"33","2023-04-21 19:49:02","Vulpes vulpes"
"33","2023-04-23 05:21:44","Vulpes vulpes"
"33","2023-04-25 00:18:39","Vulpes vulpes"
"33","2023-04-30 20:49:02","Vulpes vulpes"
"33","2023-05-01 01:42:32","Vulpes vulpes"
"33","2023-05-02 21:35:52","Meles meles"
"33","2023-05-02 23:27:03","Vulpes vulpes"
"33","2023-05-06 15:55:41","Vulpes vulpes"
"33","2023-05-08 23:55:35","Meles meles"
"33","2023-05-15 01:34:30","Vulpes vulpes"
"33","2023-05-23 23:50:53","Vulpes vulpes"
"33","2023-05-30 02:59:01","Vulpes vulpes"
"33","2023-07-02 03:43:21","Vulpes vulpes"
"33","2023-07-27 19:01:07","Vulpes vulpes"
"33","2023-08-01 18:43:23","Vulpes vulpes"
"33","2023-08-12 08:40:30","Vulpes vulpes"
"33","2023-08-26 08:52:54","Vulpes vulpes"
"33","2023-09-26 06:18:11","Meles meles"
"33","2023-10-10 03:38:47","Vulpes vulpes"
"33","2023-10-27 18:45:11","Vulpes vulpes"
"33","2023-11-15 16:22:32","Vulpes vulpes"
"33","2023-11-20 01:19:41","Vulpes vulpes"
"33","2023-11-21 22:59:26","Vulpes vulpes"
"33","2023-11-22 21:20:41","Genetta genetta"
"33","2023-11-24 17:45:42","Meles meles"
"33","2023-11-24 18:23:36","Vulpes vulpes"
"33","2023-12-01 16:49:32","Vulpes vulpes"
"33","2023-12-03 02:03:18","Vulpes vulpes"
"33","2023-12-03 02:35:17","Vulpes vulpes"
"33","2023-12-04 03:47:34","Vulpes vulpes"
"33","2023-12-04 05:04:25","Vulpes vulpes"
"33","2023-12-11 07:02:54","Vulpes vulpes"
"33","2023-12-11 17:48:46","Vulpes vulpes"
"33","2023-12-13 01:32:39","Vulpes vulpes"
"33","2023-12-14 17:48:37","Vulpes vulpes"
"33","2023-12-16 04:09:06","Vulpes vulpes"
"33","2023-12-19 22:05:22","Vulpes vulpes"
"33","2023-12-25 00:48:41","Genetta genetta"
"33","2023-12-25 08:21:46","Oryctolagus cuniculus"
"33","2023-12-26 16:15:41","Herpestes ichneumon"
"33","2024-01-06 11:41:28","Herpestes ichneumon"
"33","2024-01-13 07:14:53","Vulpes vulpes"
"33","2024-01-14 09:36:37","Vulpes vulpes"
"33","2024-01-16 08:35:49","Vulpes vulpes"
"34","2021-01-15 16:50:03","Vulpes vulpes"
"34","2021-01-17 16:03:10","Herpestes ichneumon"
"34","2021-01-25 18:32:48","Vulpes vulpes"
"34","2021-04-11 01:38:04","Vulpes vulpes"
"34","2021-04-12 16:53:33","Vulpes vulpes"
"34","2021-04-17 19:39:25","Vulpes vulpes"
"34","2021-04-22 22:01:11","Vulpes vulpes"
"34","2021-04-26 22:56:46","Vulpes vulpes"
"34","2021-07-18 04:30:43","Lepus granatensis"
"34","2021-09-24 16:32:57","Vulpes vulpes"
"34","2021-09-28 18:59:14","Lepus granatensis"
"34","2021-09-29 20:19:56","Lepus granatensis"
"34","2021-09-30 00:17:01","Lepus granatensis"
"34","2021-10-09 22:42:22","Vulpes vulpes"
"34","2021-10-18 05:51:35","Lepus granatensis"
"34","2021-10-18 18:59:25","Vulpes vulpes"
"34","2021-10-19 00:34:37","Lepus granatensis"
"34","2021-10-20 03:42:03","Vulpes vulpes"
"34","2021-10-23 17:58:59","Vulpes vulpes"
"34","2021-11-05 18:20:23","Meles meles"
"34","2021-11-08 21:09:51","Vulpes vulpes"
"34","2021-11-11 12:07:27","Vulpes vulpes"
"34","2021-11-16 05:19:54","Vulpes vulpes"
"34","2021-11-20 03:37:51","Vulpes vulpes"
"34","2021-12-18 18:27:07","Vulpes vulpes"
"34","2021-12-27 18:39:22","Vulpes vulpes"
"34","2022-01-02 16:41:53","Vulpes vulpes"
"34","2022-01-05 02:43:19","Vulpes vulpes"
"34","2022-01-08 18:28:32","Lepus granatensis"
"34","2022-01-09 20:09:56","Vulpes vulpes"
"34","2022-01-14 05:56:16","Lepus granatensis"
"34","2022-01-21 22:34:51","Lepus granatensis"
"34","2022-01-22 20:03:47","Vulpes vulpes"
"34","2022-01-23 19:44:39","Lepus granatensis"
"34","2022-01-23 23:42:55","Lepus granatensis"
"34","2022-01-25 06:50:05","Lepus granatensis"
"34","2022-01-28 23:02:29","Vulpes vulpes"
"34","2022-01-31 05:10:19","Lepus granatensis"
"34","2022-01-31 23:06:49","Vulpes vulpes"
"34","2022-02-02 00:01:58","Lepus granatensis"
"34","2022-02-03 05:03:03","Lepus granatensis"
"34","2022-02-09 18:00:04","Vulpes vulpes"
"34","2022-02-10 19:00:15","Lepus granatensis"
"34","2022-02-17 19:23:49","Lepus granatensis"
"34","2022-02-18 20:42:34","Lepus granatensis"
"34","2022-02-19 06:10:38","Lepus granatensis"
"34","2022-02-19 19:10:37","Lepus granatensis"
"34","2022-02-22 22:01:45","Lepus granatensis"
"34","2022-02-24 02:24:51","Vulpes vulpes"
"34","2022-03-14 01:41:07","Lepus granatensis"
"34","2022-03-24 22:21:30","Vulpes vulpes"
"34","2022-03-25 05:31:34","Lepus granatensis"
"34","2022-03-26 05:02:29","Vulpes vulpes"
"34","2022-03-28 23:44:23","Vulpes vulpes"
"34","2022-03-29 21:14:28","Lepus granatensis"
"34","2022-03-30 23:44:10","Lepus granatensis"
"34","2022-04-05 05:49:57","Vulpes vulpes"
"34","2022-04-08 19:28:30","Vulpes vulpes"
"34","2022-04-11 04:10:48","Vulpes vulpes"
"34","2022-04-14 11:30:28","Vulpes vulpes"
"34","2022-04-16 23:55:27","Vulpes vulpes"
"34","2022-07-21 08:49:51","Vulpes vulpes"
"34","2022-08-05 22:01:31","Lepus granatensis"
"34","2022-08-10 19:00:19","Vulpes vulpes"
"34","2022-08-12 01:07:28","Lepus granatensis"
"34","2022-09-01 19:57:15","Vulpes vulpes"
"34","2022-09-08 05:32:57","Vulpes vulpes"
"34","2022-09-10 19:02:19","Vulpes vulpes"
"34","2022-09-19 23:29:27","Vulpes vulpes"
"34","2022-09-25 02:08:57","Vulpes vulpes"
"34","2022-10-03 00:11:19","Vulpes vulpes"
"34","2022-11-04 04:46:26","Lepus granatensis"
"34","2022-11-08 04:30:15","Lepus granatensis"
"34","2022-11-10 22:01:52","Lepus granatensis"
"34","2022-11-11 02:49:36","Vulpes vulpes"
"34","2022-11-14 18:44:29","Lepus granatensis"
"34","2023-01-18 19:26:50","Vulpes vulpes"
"34","2023-01-23 06:59:40","Vulpes vulpes"
"34","2023-01-29 10:13:23","Vulpes vulpes"
"34","2023-02-01 19:32:20","Lepus granatensis"
"34","2023-02-02 18:03:42","Vulpes vulpes"
"34","2023-02-24 19:32:42","Lepus granatensis"
"34","2023-03-22 20:58:29","Vulpes vulpes"
"34","2023-03-28 20:01:13","Vulpes vulpes"
"34","2023-04-06 01:42:59","Lepus granatensis"
"34","2023-04-06 21:41:42","Lepus granatensis"
"34","2023-04-14 08:42:53","Herpestes ichneumon"
"34","2023-04-20 06:43:45","Vulpes vulpes"
"34","2023-04-25 05:31:57","Vulpes vulpes"
"34","2023-04-27 05:32:37","Vulpes vulpes"
"34","2023-05-14 07:06:15","Vulpes vulpes"
"34","2023-05-17 03:56:54","Vulpes vulpes"
"34","2023-05-21 02:58:48","Lepus granatensis"
"34","2023-05-28 05:07:09","Vulpes vulpes"
"34","2023-06-11 05:53:15","Vulpes vulpes"
"34","2023-06-11 23:36:15","Vulpes vulpes"
"34","2023-06-23 04:49:42","Vulpes vulpes"
"34","2023-06-27 00:51:34","Lepus granatensis"
"34","2023-06-27 05:30:50","Vulpes vulpes"
"34","2023-07-03 06:45:44","Vulpes vulpes"
"34","2023-07-05 06:59:32","Vulpes vulpes"
"34","2023-07-06 23:49:54","Lepus granatensis"
"34","2023-07-10 04:00:42","Vulpes vulpes"
"34","2023-07-18 22:57:15","Vulpes vulpes"
"34","2023-07-20 04:07:56","Meles meles"
"34","2023-07-23 04:09:43","Lepus granatensis"
"34","2023-08-04 19:17:45","Vulpes vulpes"
"34","2023-08-29 01:04:38","Vulpes vulpes"
"34","2023-09-16 04:01:21","Vulpes vulpes"
"34","2023-10-05 20:19:05","Vulpes vulpes"
"34","2023-10-07 04:24:22","Vulpes vulpes"
"34","2023-10-07 05:29:51","Lepus granatensis"
"35","2021-03-27 10:58:42","Vulpes vulpes"
"35","2021-05-22 08:34:28","Vulpes vulpes"
"35","2021-07-03 00:22:11","Vulpes vulpes"
"35","2021-11-13 08:33:20","Vulpes vulpes"
"35","2021-11-13 09:19:58","Vulpes vulpes"
"35","2022-01-29 18:47:08","Vulpes vulpes"
"35","2022-02-12 19:46:57","Vulpes vulpes"
"35","2022-02-15 12:03:39","Vulpes vulpes"
"35","2022-02-19 13:14:12","Vulpes vulpes"
"35","2022-02-22 00:59:41","Vulpes vulpes"
"35","2022-02-24 19:13:12","Vulpes vulpes"
"35","2022-03-05 19:06:09","Vulpes vulpes"
"35","2022-03-05 21:04:13","Vulpes vulpes"
"35","2022-03-10 13:00:19","Vulpes vulpes"
"35","2022-03-30 08:08:56","Vulpes vulpes"
"35","2022-04-02 06:39:37","Vulpes vulpes"
"35","2022-04-02 07:54:24","Vulpes vulpes"
"35","2022-04-28 07:55:40","Vulpes vulpes"
"35","2022-05-21 05:13:27","Vulpes vulpes"
"35","2022-06-02 08:24:14","Vulpes vulpes"
"35","2022-06-02 09:55:19","Vulpes vulpes"
"35","2022-08-01 05:22:46","Vulpes vulpes"
"35","2022-08-26 06:33:01","Vulpes vulpes"
"35","2022-09-16 09:30:58","Vulpes vulpes"
"35","2023-02-14 16:10:09","Vulpes vulpes"
"35","2023-02-22 15:03:28","Vulpes vulpes"
"35","2023-03-14 19:18:55","Vulpes vulpes"
"35","2023-03-28 22:03:13","Vulpes vulpes"
"35","2023-04-07 15:29:00","Vulpes vulpes"
"35","2023-04-13 20:37:28","Vulpes vulpes"
"35","2023-04-20 22:37:57","Vulpes vulpes"
"35","2023-04-23 03:48:18","Vulpes vulpes"
"35","2023-04-25 05:32:24","Vulpes vulpes"
"35","2023-04-29 20:38:17","Vulpes vulpes"
"35","2023-04-30 19:53:40","Vulpes vulpes"
"35","2023-05-09 23:02:14","Vulpes vulpes"
"35","2023-05-13 08:18:35","Vulpes vulpes"
"35","2023-05-13 20:19:40","Lepus granatensis"
"35","2023-05-15 06:03:44","Vulpes vulpes"
"35","2023-05-15 22:13:36","Lepus granatensis"
"35","2023-05-20 00:23:35","Lepus granatensis"
"35","2023-05-21 21:09:06","Vulpes vulpes"
"35","2023-05-25 21:57:45","Vulpes vulpes"
"35","2023-05-26 20:48:03","Vulpes vulpes"
"35","2023-05-31 03:56:06","Vulpes vulpes"
"35","2023-06-03 00:01:03","Vulpes vulpes"
"35","2023-06-04 22:14:02","Vulpes vulpes"
"35","2023-06-05 23:39:50","Vulpes vulpes"
"35","2023-06-07 21:52:51","Vulpes vulpes"
"35","2023-06-08 06:33:40","Vulpes vulpes"
"35","2023-06-18 22:54:44","Vulpes vulpes"
"35","2023-06-25 23:42:20","Vulpes vulpes"
"35","2023-06-28 22:48:25","Vulpes vulpes"
"35","2023-08-22 21:08:42","Vulpes vulpes"
"35","2023-09-16 01:05:01","Vulpes vulpes"
"35","2023-10-22 22:46:45","Vulpes vulpes"
"35","2023-10-23 11:01:30","Vulpes vulpes"
"35","2023-10-29 05:00:40","Vulpes vulpes"
"35","2023-11-23 06:51:42","Vulpes vulpes"
"35","2023-12-01 19:11:25","Vulpes vulpes"
"35","2023-12-08 13:47:04","Vulpes vulpes"
"35","2023-12-08 14:53:51","Vulpes vulpes"
"35","2023-12-08 16:03:20","Vulpes vulpes"
"35","2023-12-22 01:01:57","Lepus granatensis"
"35","2023-12-27 20:43:41","Vulpes vulpes"
"35","2024-01-05 18:48:02","Lepus granatensis"
"35","2024-01-07 18:54:31","Lepus granatensis"
"35","2024-01-08 17:19:14","Vulpes vulpes"
"35","2024-01-12 18:48:40","Lepus granatensis"
"36","2021-02-16 15:25:56","Herpestes ichneumon"
"36","2021-02-22 01:14:32","Vulpes vulpes"
"36","2021-03-01 14:59:16","Herpestes ichneumon"
"36","2021-03-01 17:41:13","Vulpes vulpes"
"36","2021-03-05 13:21:35","Herpestes ichneumon"
"36","2021-03-07 19:06:01","Vulpes vulpes"
"36","2021-03-08 16:26:03","Vulpes vulpes"
"36","2021-03-09 15:05:04","Vulpes vulpes"
"36","2021-03-15 09:27:00","Herpestes ichneumon"
"36","2021-03-28 05:15:18","Vulpes vulpes"
"36","2021-04-09 00:43:18","Oryctolagus cuniculus"
"36","2021-04-14 05:40:52","Oryctolagus cuniculus"
"36","2021-05-22 03:00:29","Oryctolagus cuniculus"
"36","2021-07-15 04:51:22","Vulpes vulpes"
"36","2021-09-20 04:34:09","Vulpes vulpes"
"36","2021-09-23 00:59:11","Vulpes vulpes"
"36","2021-09-26 00:24:31","Vulpes vulpes"
"36","2021-12-07 09:49:54","Herpestes ichneumon"
"36","2021-12-24 21:09:27","Vulpes vulpes"
"36","2021-12-26 02:02:06","Vulpes vulpes"
"36","2021-12-26 03:29:39","Vulpes vulpes"
"36","2021-12-26 12:19:21","Herpestes ichneumon"
"36","2021-12-26 23:39:40","Vulpes vulpes"
"36","2021-12-27 20:54:42","Vulpes vulpes"
"36","2021-12-28 10:15:01","Herpestes ichneumon"
"36","2022-01-01 17:20:39","Herpestes ichneumon"
"36","2022-01-04 17:55:05","Vulpes vulpes"
"36","2022-01-07 16:34:16","Herpestes ichneumon"
"36","2022-01-09 03:16:50","Vulpes vulpes"
"36","2022-01-13 10:05:01","Herpestes ichneumon"
"36","2022-01-14 10:41:19","Herpestes ichneumon"
"36","2022-01-14 19:14:52","Vulpes vulpes"
"36","2022-01-15 17:10:18","Herpestes ichneumon"
"36","2022-01-17 07:18:06","Vulpes vulpes"
"36","2022-01-19 23:04:26","Oryctolagus cuniculus"
"36","2022-01-23 20:22:17","Vulpes vulpes"
"36","2022-01-24 15:53:28","Herpestes ichneumon"
"36","2022-01-24 20:52:34","Vulpes vulpes"
"36","2022-01-28 04:49:01","Vulpes vulpes"
"36","2022-01-28 05:44:21","Vulpes vulpes"
"36","2022-01-28 07:07:49","Vulpes vulpes"
"36","2022-01-28 21:58:21","Vulpes vulpes"
"36","2022-07-29 11:40:06","Vulpes vulpes"
"37","2021-01-15 20:39:09","Lynx pardinus"
"37","2021-01-16 05:46:43","Lynx pardinus"
"37","2021-01-16 18:48:15","Lynx pardinus"
"37","2021-01-17 04:17:01","Vulpes vulpes"
"37","2021-01-18 19:39:35","Vulpes vulpes"
"37","2021-01-18 22:14:11","Vulpes vulpes"
"37","2021-02-02 20:51:38","Oryctolagus cuniculus"
"37","2021-02-03 04:48:43","Oryctolagus cuniculus"
"37","2021-02-05 04:09:46","Oryctolagus cuniculus"
"37","2021-02-08 05:04:24","Vulpes vulpes"
"37","2021-03-04 22:05:11","Oryctolagus cuniculus"
"37","2021-03-18 23:52:59","Meles meles"
"37","2021-03-23 04:29:05","Meles meles"
"37","2021-03-27 05:16:50","Meles meles"
"38","2022-06-06 20:16:26","Oryctolagus cuniculus"
"38","2022-10-05 05:39:39","Oryctolagus cuniculus"
"38","2023-07-24 20:20:18","Oryctolagus cuniculus"
"39","2021-01-15 16:26:21","Vulpes vulpes"
"39","2021-01-16 18:23:46","Vulpes vulpes"
"39","2021-01-22 15:57:04","Vulpes vulpes"
"39","2021-01-23 19:43:10","Vulpes vulpes"
"39","2021-01-30 19:29:57","Vulpes vulpes"
"39","2021-02-02 22:20:24","Meles meles"
"39","2021-02-06 05:25:21","Vulpes vulpes"
"39","2021-02-19 15:45:40","Vulpes vulpes"
"39","2021-04-07 09:51:50","Herpestes ichneumon"
"39","2021-05-03 00:46:33","Vulpes vulpes"
"39","2021-05-26 02:39:59","Vulpes vulpes"
"39","2021-05-31 19:45:44","Vulpes vulpes"
"39","2021-06-06 00:23:19","Vulpes vulpes"
"39","2021-07-02 03:57:30","Vulpes vulpes"
"39","2021-07-17 20:46:19","Vulpes vulpes"
"39","2021-08-04 20:49:01","Vulpes vulpes"
"39","2021-08-06 23:54:01","Vulpes vulpes"
"39B","2022-01-02 17:20:12","Vulpes vulpes"
"39B","2022-01-11 14:18:57","Vulpes vulpes"
"39B","2022-01-16 21:42:16","Vulpes vulpes"
"39B","2022-01-23 20:47:28","Vulpes vulpes"
"39B","2023-01-25 11:38:42","Vulpes vulpes"
"41","2021-01-22 16:57:04","Vulpes vulpes"
"41","2021-01-30 05:00:49","Vulpes vulpes"
"41","2021-02-02 17:50:55","Vulpes vulpes"
"41","2021-02-02 19:21:38","Vulpes vulpes"
"41","2021-02-03 07:44:27","Vulpes vulpes"
"41","2021-02-05 10:51:07","Vulpes vulpes"
"41","2021-02-05 23:36:04","Vulpes vulpes"
"41","2021-02-06 03:12:09","Vulpes vulpes"
"41","2021-02-08 18:20:57","Vulpes vulpes"
"41","2021-02-09 01:00:36","Meles meles"
"41","2021-02-09 19:10:19","Vulpes vulpes"
"41","2021-02-12 19:45:24","Meles meles"
"41","2021-02-15 20:58:30","Vulpes vulpes"
"41","2021-02-24 09:30:28","Herpestes ichneumon"
"41","2021-03-02 01:41:28","Vulpes vulpes"
"41","2021-03-04 18:05:31","Vulpes vulpes"
"41","2021-03-08 20:14:42","Vulpes vulpes"
"41","2021-03-08 23:08:00","Vulpes vulpes"
"41","2021-03-14 00:40:28","Vulpes vulpes"
"41","2021-03-14 17:30:38","Vulpes vulpes"
"41","2021-03-16 22:45:49","Vulpes vulpes"
"41","2021-03-26 22:33:56","Vulpes vulpes"
"41","2021-03-28 06:51:09","Vulpes vulpes"
"41","2021-03-30 19:51:28","Meles meles"
"41","2021-03-31 20:17:06","Meles meles"
"41","2021-04-02 20:04:14","Meles meles"
"41","2021-04-14 06:50:55","Meles meles"
"41","2021-04-19 04:24:55","Meles meles"
"41","2021-04-21 13:57:58","Vulpes vulpes"
"41","2021-04-21 18:14:46","Vulpes vulpes"
"41","2021-04-29 20:18:43","Meles meles"
"41","2021-05-01 01:12:24","Vulpes vulpes"
"41","2021-05-02 06:41:44","Vulpes vulpes"
"41","2021-05-02 15:27:03","Vulpes vulpes"
"41","2021-05-02 16:40:27","Vulpes vulpes"
"41","2021-05-07 13:24:49","Vulpes vulpes"
"41","2021-05-16 10:08:00","Vulpes vulpes"
"41","2021-05-20 12:00:58","Vulpes vulpes"
"41","2021-05-20 13:41:27","Vulpes vulpes"
"41","2021-05-20 15:41:45","Vulpes vulpes"
"41","2021-05-25 11:04:36","Vulpes vulpes"
"41","2021-05-25 16:01:12","Vulpes vulpes"
"41","2021-05-30 01:43:47","Vulpes vulpes"
"41","2021-05-30 06:29:35","Vulpes vulpes"
"41","2021-06-02 07:18:52","Oryctolagus cuniculus"
"41","2021-06-02 08:06:06","Oryctolagus cuniculus"
"41","2021-06-07 17:41:10","Vulpes vulpes"
"41","2021-06-08 10:22:12","Vulpes vulpes"
"41","2021-06-09 07:24:45","Herpestes ichneumon"
"41","2021-06-11 12:25:02","Vulpes vulpes"
"41","2021-06-15 21:06:41","Vulpes vulpes"
"41","2021-06-17 04:00:29","Meles meles"
"41","2021-06-22 20:13:07","Oryctolagus cuniculus"
"41","2021-06-28 05:36:40","Vulpes vulpes"
"41","2021-06-29 04:16:06","Vulpes vulpes"
"41","2021-06-29 22:37:11","Vulpes vulpes"
"41","2021-07-09 23:51:39","Vulpes vulpes"
"41","2021-07-12 01:51:23","Vulpes vulpes"
"41","2021-07-12 04:51:17","Lepus granatensis"
"41","2021-07-13 05:05:34","Vulpes vulpes"
"41","2021-07-29 04:47:41","Lepus granatensis"
"41","2021-08-07 06:16:38","Vulpes vulpes"
"41","2021-08-08 19:36:46","Vulpes vulpes"
"41","2021-08-21 18:02:16","Vulpes vulpes"
"41","2021-08-26 21:34:47","Vulpes vulpes"
"41","2021-08-29 13:09:00","Vulpes vulpes"
"41","2021-09-05 19:38:53","Vulpes vulpes"
"41","2021-09-10 19:41:11","Vulpes vulpes"
"41","2021-09-11 19:27:48","Vulpes vulpes"
"41","2021-09-15 01:25:53","Vulpes vulpes"
"41","2021-09-25 02:12:36","Oryctolagus cuniculus"
"41","2021-09-26 19:17:25","Vulpes vulpes"
"41","2021-09-29 03:58:39","Meles meles"
"41","2021-10-03 08:22:39","Vulpes vulpes"
"41","2021-10-05 01:19:22","Oryctolagus cuniculus"
"41","2021-10-06 19:41:36","Vulpes vulpes"
"42","2021-01-14 19:34:53","Meles meles"
"42","2021-01-16 21:17:02","Meles meles"
"42","2021-01-17 21:18:37","Meles meles"
"42","2021-01-20 02:16:29","Vulpes vulpes"
"42","2021-01-21 22:33:42","Meles meles"
"42","2021-01-23 06:29:12","Meles meles"
"42","2021-01-24 02:08:50","Meles meles"
"42","2021-01-25 21:51:49","Meles meles"
"42","2021-01-28 06:16:33","Meles meles"
"42","2021-01-29 01:08:40","Meles meles"
"42","2021-02-03 03:51:56","Meles meles"
"42","2021-02-06 03:46:04","Meles meles"
"42","2021-02-06 03:46:11","Vulpes vulpes"
"42","2021-02-06 05:23:54","Meles meles"
"42","2021-02-06 06:13:28","Meles meles"
"42","2021-02-06 19:35:38","Meles meles"
"42","2021-02-07 06:50:52","Vulpes vulpes"
"42","2021-02-07 20:23:23","Vulpes vulpes"
"42","2021-02-08 01:29:45","Meles meles"
"42","2021-02-09 05:09:04","Meles meles"
"42","2021-02-09 20:30:56","Meles meles"
"42","2021-02-09 21:35:27","Meles meles"
"42","2021-02-10 19:55:23","Meles meles"
"42","2021-02-11 19:38:51","Meles meles"
"42","2021-02-11 20:56:53","Meles meles"
"42","2021-02-12 22:38:13","Vulpes vulpes"
"42","2021-02-12 23:27:09","Meles meles"
"42","2021-02-14 05:14:58","Meles meles"
"42","2021-02-14 20:50:55","Meles meles"
"42","2021-02-19 19:51:43","Meles meles"
"42","2021-02-21 20:52:01","Vulpes vulpes"
"42","2021-02-23 21:24:05","Meles meles"
"42","2021-02-25 05:27:35","Meles meles"
"42","2021-02-26 21:37:47","Vulpes vulpes"
"42","2021-03-02 20:11:18","Meles meles"
"42","2021-03-09 05:02:20","Meles meles"
"42","2021-03-13 01:21:45","Meles meles"
"42","2021-03-15 00:08:14","Vulpes vulpes"
"42","2021-03-19 20:20:28","Vulpes vulpes"
"42","2021-04-04 10:45:08","Herpestes ichneumon"
"42","2021-04-14 05:42:14","Meles meles"
"42","2021-04-16 01:15:17","Lepus granatensis"
"42","2021-04-19 18:24:28","Herpestes ichneumon"
"42","2021-04-24 01:24:03","Meles meles"
"42","2021-04-28 21:22:06","Genetta genetta"
"42","2021-04-30 22:05:57","Meles meles"
"42","2021-05-19 00:51:26","Meles meles"
"42","2021-05-21 03:44:04","Vulpes vulpes"
"42","2021-05-21 23:53:25","Vulpes vulpes"
"42","2021-05-23 22:19:53","Meles meles"
"42","2021-05-24 05:09:13","Vulpes vulpes"
"42","2021-05-31 18:31:14","Vulpes vulpes"
"42","2021-06-18 08:21:46","Vulpes vulpes"
"42","2021-06-18 19:52:08","Vulpes vulpes"
"42","2021-06-21 04:00:49","Meles meles"
"42","2021-06-22 02:27:05","Vulpes vulpes"
"42","2021-06-22 04:17:06","Vulpes vulpes"
"42","2021-06-25 00:20:12","Vulpes vulpes"
"42","2021-06-28 22:59:35","Meles meles"
"42","2021-07-03 22:26:39","Vulpes vulpes"
"42","2021-07-04 01:22:16","Vulpes vulpes"
"42","2021-07-05 01:00:22","Vulpes vulpes"
"42","2021-07-05 02:04:31","Vulpes vulpes"
"42","2021-07-08 02:18:15","Lepus granatensis"
"42","2021-07-08 22:11:09","Meles meles"
"42","2021-07-14 08:14:47","Vulpes vulpes"
"42","2021-07-18 02:23:21","Meles meles"
"42","2021-07-30 23:59:42","Meles meles"
"42","2021-08-01 01:57:24","Meles meles"
"42","2021-08-04 02:59:39","Meles meles"
"42","2021-08-04 04:25:54","Lepus granatensis"
"42","2021-08-08 23:01:00","Meles meles"
"42","2021-08-14 04:47:46","Meles meles"
"42","2021-08-15 23:29:53","Lepus granatensis"
"42","2021-08-15 23:37:53","Vulpes vulpes"
"42","2021-08-16 04:10:11","Vulpes vulpes"
"42","2021-08-16 05:20:54","Lepus granatensis"
"42","2021-08-16 21:59:20","Vulpes vulpes"
"42","2021-08-23 05:59:27","Vulpes vulpes"
"42","2021-08-23 22:16:25","Vulpes vulpes"
"42","2021-08-24 14:46:40","Vulpes vulpes"
"42","2021-08-24 20:48:06","Vulpes vulpes"
"42","2021-08-25 08:13:19","Vulpes vulpes"
"42","2021-08-29 07:20:00","Vulpes vulpes"
"42","2021-09-01 23:12:59","Vulpes vulpes"
"42","2021-09-02 19:35:58","Vulpes vulpes"
"42","2021-09-04 05:00:54","Vulpes vulpes"
"42","2021-09-14 19:41:20","Vulpes vulpes"
"42","2021-09-18 05:32:09","Vulpes vulpes"
"42","2021-09-24 00:42:14","Vulpes vulpes"
"42","2021-09-29 01:10:31","Meles meles"
"42B","2021-11-02 10:19:32","Herpestes ichneumon"
"42B","2021-11-04 09:18:45","Vulpes vulpes"
"42B","2021-12-07 21:28:33","Vulpes vulpes"
"42B","2022-03-13 05:03:08","Vulpes vulpes"
"42B","2022-05-09 14:37:16","Vulpes vulpes"
"42B","2022-05-14 21:28:33","Meles meles"
"42B","2022-05-20 02:35:53","Meles meles"
"42B","2022-06-04 01:00:59","Vulpes vulpes"
"42B","2022-06-18 22:01:53","Vulpes vulpes"
"42B","2022-07-08 20:06:26","Vulpes vulpes"
"42B","2022-07-12 05:11:45","Vulpes vulpes"
"42B","2022-07-31 02:42:26","Vulpes vulpes"
"42B","2022-08-02 22:34:02","Vulpes vulpes"
"42B","2022-09-10 02:34:33","Vulpes vulpes"
"42B","2022-09-17 21:26:04","Lepus granatensis"
"42B","2022-10-13 18:16:59","Vulpes vulpes"
"42B","2022-11-30 18:05:54","Vulpes vulpes"
"42B","2022-12-09 23:38:31","Vulpes vulpes"
"42B","2023-01-23 19:18:21","Vulpes vulpes"
"42B","2023-04-03 02:01:35","Vulpes vulpes"
"42B","2023-05-25 21:55:15","Vulpes vulpes"
"42B","2023-05-26 22:10:48","Vulpes vulpes"
"42B","2023-06-02 00:09:59","Vulpes vulpes"
"42B","2023-06-27 01:02:33","Lepus granatensis"
"42B","2023-07-11 23:59:54","Lepus granatensis"
"42B","2023-07-16 04:21:53","Vulpes vulpes"
"42B","2023-07-16 21:15:50","Vulpes vulpes"
"42B","2023-07-16 21:15:51","Lepus granatensis"
"42B","2023-07-29 22:46:56","Lepus granatensis"
"42B","2023-08-03 23:06:22","Lepus granatensis"
"42B","2023-08-05 01:13:02","Vulpes vulpes"
"42B","2023-08-05 01:54:33","Vulpes vulpes"
"42B","2023-08-06 21:56:01","Lepus granatensis"
"42B","2023-08-08 01:19:17","Vulpes vulpes"
"42B","2023-08-17 00:51:30","Lepus granatensis"
"42B","2023-08-24 21:17:16","Vulpes vulpes"
"42B","2023-09-25 00:02:44","Vulpes vulpes"
"42B","2023-10-19 02:10:55","Vulpes vulpes"
"42B","2023-10-28 23:47:00","Vulpes vulpes"
"43","2021-04-19 23:23:57","Vulpes vulpes"
"43","2021-04-20 15:02:29","Vulpes vulpes"
"43","2021-05-02 00:07:35","Vulpes vulpes"
"43","2021-05-04 15:02:54","Vulpes vulpes"
"43","2021-05-07 01:30:39","Vulpes vulpes"
"43","2021-05-11 20:40:10","Vulpes vulpes"
"43","2021-05-13 14:39:19","Vulpes vulpes"
"43","2021-05-13 21:35:22","Vulpes vulpes"
"43","2021-05-16 14:47:04","Vulpes vulpes"
"43","2021-05-20 15:33:58","Vulpes vulpes"
"43","2021-05-23 12:22:52","Vulpes vulpes"
"43","2021-05-23 22:59:21","Vulpes vulpes"
"43","2021-06-03 23:12:52","Vulpes vulpes"
"43","2021-06-19 17:29:12","Vulpes vulpes"
"43","2021-06-22 20:26:32","Vulpes vulpes"
"43","2021-06-28 18:37:07","Vulpes vulpes"
"43","2021-06-30 04:42:00","Vulpes vulpes"
"43","2021-07-11 02:42:03","Vulpes vulpes"
"43","2021-07-13 10:39:55","Vulpes vulpes"
"43","2021-07-17 03:26:55","Vulpes vulpes"
"43","2021-07-20 07:08:48","Vulpes vulpes"
"43","2021-07-25 09:00:31","Vulpes vulpes"
"43","2021-07-26 19:33:13","Vulpes vulpes"
"43","2021-07-30 19:12:19","Vulpes vulpes"
"43","2021-08-01 09:07:54","Vulpes vulpes"
"43","2021-08-03 00:14:05","Vulpes vulpes"
"43","2021-08-09 21:46:57","Vulpes vulpes"
"43","2021-08-21 20:41:52","Vulpes vulpes"
"43","2021-09-15 04:54:35","Vulpes vulpes"
"43","2021-09-16 09:06:10","Vulpes vulpes"
"43","2021-09-20 19:08:34","Vulpes vulpes"
"43","2021-10-05 14:40:08","Herpestes ichneumon"
"43","2021-10-08 10:43:07","Vulpes vulpes"
"43","2021-10-26 01:33:41","Vulpes vulpes"
"43","2021-10-26 03:36:38","Vulpes vulpes"
"43","2021-10-28 11:26:45","Vulpes vulpes"
"43","2021-10-28 19:30:45","Vulpes vulpes"
"43","2021-10-31 21:58:07","Vulpes vulpes"
"43","2021-11-01 09:48:46","Vulpes vulpes"
"43","2021-11-01 23:38:52","Vulpes vulpes"
"43","2021-11-04 09:20:10","Vulpes vulpes"
"43","2021-11-04 18:30:56","Vulpes vulpes"
"43","2021-11-05 18:30:32","Vulpes vulpes"
"43","2021-11-07 06:26:16","Vulpes vulpes"
"43","2021-11-09 21:13:21","Vulpes vulpes"
"43","2021-11-11 21:30:50","Vulpes vulpes"
"43","2021-11-14 04:20:43","Vulpes vulpes"
"43","2021-11-15 06:06:12","Vulpes vulpes"
"43","2021-11-15 06:40:06","Vulpes vulpes"
"43","2021-11-16 16:30:19","Vulpes vulpes"
"43","2021-11-16 18:44:41","Vulpes vulpes"
"43","2021-11-17 18:02:47","Vulpes vulpes"
"43","2021-11-17 22:27:15","Genetta genetta"
"43","2021-11-18 17:39:56","Vulpes vulpes"
"43","2021-11-19 20:20:57","Vulpes vulpes"
"43","2021-11-20 03:44:31","Vulpes vulpes"
"43","2021-11-20 12:55:50","Vulpes vulpes"
"43","2021-11-20 21:33:10","Vulpes vulpes"
"43","2021-11-20 23:13:53","Vulpes vulpes"
"43","2021-11-23 06:20:28","Vulpes vulpes"
"43","2021-11-23 23:43:22","Vulpes vulpes"
"43","2021-11-25 15:01:59","Vulpes vulpes"
"43","2021-11-26 03:09:56","Vulpes vulpes"
"43","2021-11-27 19:01:23","Vulpes vulpes"
"43","2021-11-28 12:31:43","Vulpes vulpes"
"43","2021-12-01 13:02:50","Vulpes vulpes"
"43","2021-12-05 18:43:32","Vulpes vulpes"
"43","2021-12-08 00:23:19","Vulpes vulpes"
"43","2021-12-12 20:27:03","Vulpes vulpes"
"43","2021-12-14 15:18:44","Vulpes vulpes"
"43","2021-12-16 22:47:25","Genetta genetta"
"43","2021-12-19 09:47:11","Vulpes vulpes"
"43","2021-12-26 06:25:38","Vulpes vulpes"
"43","2021-12-26 09:22:17","Vulpes vulpes"
"43","2021-12-28 15:26:58","Vulpes vulpes"
"43","2022-01-02 07:00:54","Vulpes vulpes"
"43","2022-01-08 17:41:53","Vulpes vulpes"
"43","2022-01-09 05:43:36","Vulpes vulpes"
"43","2022-01-11 17:49:03","Vulpes vulpes"
"43","2022-01-12 19:57:23","Vulpes vulpes"
"43","2022-01-14 15:43:07","Vulpes vulpes"
"43","2022-01-18 13:11:56","Vulpes vulpes"
"43","2022-01-19 15:56:07","Vulpes vulpes"
"43","2022-01-21 19:14:59","Vulpes vulpes"
"43","2022-01-21 20:26:39","Vulpes vulpes"
"43","2022-01-22 07:50:13","Vulpes vulpes"
"43","2022-01-23 07:23:13","Vulpes vulpes"
"43","2022-01-25 06:56:13","Vulpes vulpes"
"43","2022-01-25 07:29:49","Vulpes vulpes"
"43","2022-01-27 14:37:49","Vulpes vulpes"
"43","2022-01-28 00:49:28","Vulpes vulpes"
"43","2022-01-31 04:08:55","Vulpes vulpes"
"43","2022-01-31 11:14:59","Vulpes vulpes"
"43","2022-01-31 20:47:52","Vulpes vulpes"
"43","2022-02-05 20:42:16","Vulpes vulpes"
"43","2022-02-06 09:34:20","Vulpes vulpes"
"43","2022-02-06 20:40:44","Vulpes vulpes"
"43","2022-02-07 06:01:37","Vulpes vulpes"
"43","2022-02-08 22:30:13","Vulpes vulpes"
"43","2022-02-10 19:04:34","Vulpes vulpes"
"43","2022-02-11 08:08:59","Vulpes vulpes"
"43","2022-02-11 14:55:50","Vulpes vulpes"
"43","2022-02-14 07:15:04","Vulpes vulpes"
"43","2022-02-14 19:20:56","Vulpes vulpes"
"43","2022-02-15 06:20:07","Vulpes vulpes"
"43","2022-02-15 11:14:31","Vulpes vulpes"
"43","2022-02-21 12:12:44","Vulpes vulpes"
"43","2022-02-23 16:07:33","Vulpes vulpes"
"43","2022-02-28 01:08:15","Vulpes vulpes"
"43","2022-03-01 09:21:17","Vulpes vulpes"
"43","2022-03-01 18:40:48","Vulpes vulpes"
"43","2022-03-04 20:32:59","Vulpes vulpes"
"43","2022-03-08 13:45:23","Vulpes vulpes"
"43","2022-04-03 20:13:23","Vulpes vulpes"
"43","2022-04-05 16:51:02","Vulpes vulpes"
"43","2022-04-10 03:22:25","Meles meles"
"43","2022-04-17 04:27:30","Lepus granatensis"
"43","2022-04-18 00:34:09","Lepus granatensis"
"43","2022-04-18 05:09:00","Lepus granatensis"
"43","2022-04-30 20:34:39","Meles meles"
"43","2022-05-04 23:09:42","Vulpes vulpes"
"43","2022-05-11 05:55:08","Vulpes vulpes"
"43","2022-05-12 02:19:58","Vulpes vulpes"
"43","2022-05-12 22:26:17","Vulpes vulpes"
"43","2022-05-14 00:12:54","Vulpes vulpes"
"43","2022-05-15 00:33:12","Vulpes vulpes"
"43","2022-05-18 19:35:54","Vulpes vulpes"
"43","2022-05-18 20:12:27","Vulpes vulpes"
"43","2022-05-19 05:16:02","Vulpes vulpes"
"43","2022-05-21 20:10:17","Vulpes vulpes"
"43","2022-05-23 21:42:25","Vulpes vulpes"
"43","2022-05-26 02:43:36","Vulpes vulpes"
"43","2022-05-26 22:47:55","Vulpes vulpes"
"43","2022-05-29 07:25:58","Vulpes vulpes"
"43","2022-05-29 17:22:04","Vulpes vulpes"
"43","2022-06-02 04:45:18","Vulpes vulpes"
"43","2022-06-02 21:41:54","Vulpes vulpes"
"43","2022-06-09 19:13:14","Vulpes vulpes"
"43","2022-06-19 20:57:56","Vulpes vulpes"
"43","2022-06-25 22:00:46","Vulpes vulpes"
"43","2022-06-26 08:34:29","Vulpes vulpes"
"43","2022-07-07 01:13:04","Genetta genetta"
"43","2022-07-11 05:23:38","Vulpes vulpes"
"43","2022-07-14 23:10:50","Vulpes vulpes"
"43","2022-07-18 21:27:32","Genetta genetta"
"43","2022-07-23 23:31:12","Vulpes vulpes"
"43","2022-07-24 05:59:16","Vulpes vulpes"
"43","2022-07-29 06:26:29","Vulpes vulpes"
"43","2022-08-08 22:57:06","Vulpes vulpes"
"43","2022-09-05 23:34:52","Vulpes vulpes"
"43","2022-09-10 08:14:42","Vulpes vulpes"
"43","2022-09-18 02:16:24","Vulpes vulpes"
"43","2022-09-30 07:31:38","Vulpes vulpes"
"43","2022-10-10 23:34:34","Vulpes vulpes"
"43","2022-10-21 08:13:46","Vulpes vulpes"
"43","2022-10-22 17:03:21","Vulpes vulpes"
"43","2022-11-03 04:08:29","Vulpes vulpes"
"43","2022-11-07 07:41:05","Vulpes vulpes"
"43","2022-11-28 07:14:21","Vulpes vulpes"
"43","2022-12-15 12:29:06","Vulpes vulpes"
"43","2023-01-21 16:29:57","Vulpes vulpes"
"43","2023-01-22 19:52:50","Vulpes vulpes"
"43","2023-01-29 16:10:24","Vulpes vulpes"
"43","2023-01-30 16:53:29","Vulpes vulpes"
"43","2023-01-31 16:30:33","Vulpes vulpes"
"43","2023-02-03 18:00:46","Vulpes vulpes"
"43","2023-02-08 15:46:29","Vulpes vulpes"
"43","2023-02-09 13:56:42","Vulpes vulpes"
"43","2023-02-15 04:35:22","Vulpes vulpes"
"43","2023-02-15 19:26:57","Vulpes vulpes"
"43","2023-02-16 17:26:50","Vulpes vulpes"
"43","2023-02-20 13:59:26","Vulpes vulpes"
"43","2023-02-21 18:36:47","Vulpes vulpes"
"43","2023-03-02 19:23:51","Vulpes vulpes"
"43","2023-03-04 05:38:16","Vulpes vulpes"
"43","2023-03-06 06:36:43","Vulpes vulpes"
"43","2023-03-09 20:45:18","Vulpes vulpes"
"43","2023-03-12 02:56:04","Vulpes vulpes"
"43","2023-03-13 23:23:19","Vulpes vulpes"
"43","2023-03-22 01:48:12","Vulpes vulpes"
"43","2023-03-23 16:19:00","Vulpes vulpes"
"43","2023-03-23 19:39:35","Vulpes vulpes"
"43","2023-03-25 19:04:56","Vulpes vulpes"
"43","2023-03-29 07:54:49","Vulpes vulpes"
"43","2023-03-29 17:40:02","Vulpes vulpes"
"43","2023-04-02 17:54:09","Vulpes vulpes"
"43","2023-04-04 04:29:29","Vulpes vulpes"
"43","2023-04-11 08:51:42","Vulpes vulpes"
"43","2023-04-14 19:34:48","Vulpes vulpes"
"43","2023-04-15 23:56:29","Vulpes vulpes"
"43","2023-04-16 23:02:53","Vulpes vulpes"
"43","2023-04-17 08:12:36","Vulpes vulpes"
"43","2023-04-26 19:51:44","Vulpes vulpes"
"43","2023-05-09 09:11:08","Vulpes vulpes"
"43","2023-05-12 05:36:55","Vulpes vulpes"
"43","2023-05-13 04:47:04","Vulpes vulpes"
"43","2023-05-29 14:48:49","Vulpes vulpes"
"43","2023-05-30 17:50:20","Vulpes vulpes"
"43","2023-06-01 21:55:04","Vulpes vulpes"
"43","2023-06-09 15:38:35","Vulpes vulpes"
"43","2023-06-13 02:39:15","Vulpes vulpes"
"43","2023-06-14 04:40:29","Vulpes vulpes"
"43","2023-06-16 05:04:02","Vulpes vulpes"
"43","2023-06-20 20:18:57","Vulpes vulpes"
"43","2023-06-25 03:08:01","Vulpes vulpes"
"43","2023-06-30 09:40:47","Vulpes vulpes"
"43","2023-07-06 20:23:03","Vulpes vulpes"
"43","2023-07-14 11:47:34","Vulpes vulpes"
"43","2023-07-21 05:41:13","Vulpes vulpes"
"43","2023-07-28 06:00:37","Vulpes vulpes"
"43","2023-08-16 19:51:09","Vulpes vulpes"
"43","2023-08-26 22:13:58","Vulpes vulpes"
"43","2023-08-29 03:11:50","Vulpes vulpes"
"43","2023-08-31 23:22:41","Vulpes vulpes"
"43","2023-09-04 19:56:33","Vulpes vulpes"
"43","2023-09-09 19:49:53","Vulpes vulpes"
"43","2023-09-13 06:24:46","Vulpes vulpes"
"43","2023-09-18 00:03:22","Vulpes vulpes"
"43","2023-09-18 21:53:58","Vulpes vulpes"
"43","2023-09-24 19:22:05","Vulpes vulpes"
"43","2023-09-24 20:55:09","Vulpes vulpes"
"43","2023-09-24 22:41:21","Vulpes vulpes"
"43","2023-10-01 23:35:34","Vulpes vulpes"
"43","2023-10-27 18:13:41","Vulpes vulpes"
"43","2023-11-06 23:39:05","Vulpes vulpes"
"43","2023-11-08 18:25:35","Vulpes vulpes"
"43","2023-11-10 18:04:10","Vulpes vulpes"
"43","2023-11-12 06:56:01","Vulpes vulpes"
"43","2023-11-13 19:45:15","Vulpes vulpes"
"43","2023-11-15 07:00:04","Vulpes vulpes"
"43","2023-11-21 08:30:37","Vulpes vulpes"
"43","2023-11-24 05:33:58","Vulpes vulpes"
"43","2023-11-26 04:22:53","Vulpes vulpes"
"43","2023-12-04 00:06:32","Vulpes vulpes"
"43","2023-12-09 17:39:43","Vulpes vulpes"
"43","2023-12-24 17:49:09","Vulpes vulpes"
"43","2023-12-26 21:16:41","Vulpes vulpes"
"43","2024-01-05 14:51:30","Vulpes vulpes"
"43","2024-01-10 19:22:43","Vulpes vulpes"
"43","2024-01-13 01:34:36","Vulpes vulpes"
"44","2023-02-09 12:52:07","Vulpes vulpes"
"44","2023-02-24 18:36:46","Lepus granatensis"
"44","2023-03-02 20:53:04","Vulpes vulpes"
"44","2023-05-24 09:31:10","Vulpes vulpes"
"44","2023-05-24 10:35:49","Herpestes ichneumon"
"45","2022-10-17 19:40:24","Vulpes vulpes"
"45","2022-11-07 08:35:53","Vulpes vulpes"
"45","2022-11-17 18:18:38","Vulpes vulpes"
"45","2022-11-19 21:35:58","Vulpes vulpes"
"45","2022-11-26 18:02:29","Vulpes vulpes"
"45","2022-12-06 18:53:17","Vulpes vulpes"
"45","2022-12-14 15:24:39","Vulpes vulpes"
"45","2022-12-18 05:54:45","Vulpes vulpes"
"45","2022-12-25 17:28:34","Vulpes vulpes"
"45","2022-12-27 09:59:16","Vulpes vulpes"
"45","2023-01-29 08:17:13","Vulpes vulpes"
"45","2023-02-06 00:43:20","Vulpes vulpes"
"45","2023-02-09 11:54:48","Vulpes vulpes"
"45","2023-02-10 20:18:39","Vulpes vulpes"
"45","2023-02-11 13:37:26","Vulpes vulpes"
"45","2023-02-12 01:02:43","Vulpes vulpes"
"45","2023-02-12 09:08:18","Vulpes vulpes"
"45","2023-02-17 22:18:26","Vulpes vulpes"
"45","2023-02-21 13:13:43","Vulpes vulpes"
"45","2023-02-23 11:55:12","Vulpes vulpes"
"45","2023-03-01 10:21:55","Vulpes vulpes"
"45","2023-03-03 17:43:50","Vulpes vulpes"
"45","2023-03-14 18:39:20","Vulpes vulpes"
"45","2023-03-14 21:37:10","Vulpes vulpes"
"45","2023-03-19 22:23:39","Vulpes vulpes"
"45","2023-03-21 01:41:52","Vulpes vulpes"
"45","2023-03-22 17:21:58","Vulpes vulpes"
"45","2023-03-25 21:35:09","Vulpes vulpes"
"45","2023-03-27 18:08:08","Vulpes vulpes"
"45","2023-03-29 04:03:10","Vulpes vulpes"
"45","2023-04-04 00:47:14","Vulpes vulpes"
"45","2023-04-04 13:02:46","Vulpes vulpes"
"45","2023-04-05 15:31:35","Vulpes vulpes"
"45","2023-04-05 20:38:15","Vulpes vulpes"
"45","2023-04-06 01:41:21","Vulpes vulpes"
"45","2023-04-07 00:47:02","Vulpes vulpes"
"45","2023-04-07 04:52:08","Vulpes vulpes"
"45","2023-04-07 19:21:50","Vulpes vulpes"
"45","2023-04-08 01:33:18","Vulpes vulpes"
"45","2023-04-11 16:50:20","Vulpes vulpes"
"45","2023-04-13 15:29:30","Vulpes vulpes"
"45","2023-04-17 20:10:01","Vulpes vulpes"
"45","2023-04-18 17:24:51","Vulpes vulpes"
"45","2023-04-19 21:33:41","Vulpes vulpes"
"45","2023-04-19 23:19:11","Vulpes vulpes"
"45","2023-04-22 15:45:56","Vulpes vulpes"
"45","2023-04-24 17:12:39","Vulpes vulpes"
"45","2023-04-25 06:17:49","Vulpes vulpes"
"45","2023-04-25 08:46:51","Vulpes vulpes"
"45","2023-04-26 21:51:46","Vulpes vulpes"
"45","2023-04-29 17:43:23","Vulpes vulpes"
"45","2023-05-11 17:29:47","Vulpes vulpes"
"45","2023-05-11 20:28:11","Vulpes vulpes"
"45","2023-05-11 21:15:27","Vulpes vulpes"
"45","2023-05-13 03:28:34","Vulpes vulpes"
"45","2023-05-13 23:07:52","Vulpes vulpes"
"45","2023-05-15 23:02:18","Vulpes vulpes"
"45","2023-05-17 03:44:56","Vulpes vulpes"
"45","2023-05-17 15:15:41","Vulpes vulpes"
"45","2023-05-18 01:41:42","Vulpes vulpes"
"45","2023-05-18 19:24:18","Vulpes vulpes"
"45","2023-05-18 20:19:01","Vulpes vulpes"
"45","2023-05-20 08:02:38","Vulpes vulpes"
"45","2023-05-20 21:47:28","Vulpes vulpes"
"45","2023-05-23 11:10:29","Vulpes vulpes"
"45","2023-05-23 21:25:57","Vulpes vulpes"
"45","2023-05-27 08:56:35","Vulpes vulpes"
"45","2023-05-28 00:36:45","Vulpes vulpes"
"45","2023-05-28 17:26:13","Vulpes vulpes"
"45","2023-05-30 00:02:34","Vulpes vulpes"
"45","2023-05-31 20:19:54","Vulpes vulpes"
"45","2023-06-03 00:20:33","Vulpes vulpes"
"45","2023-06-04 00:17:48","Vulpes vulpes"
"45","2023-06-04 02:21:43","Vulpes vulpes"
"45","2023-06-04 20:28:44","Vulpes vulpes"
"45","2023-06-07 21:44:11","Vulpes vulpes"
"45","2023-06-12 20:30:10","Vulpes vulpes"
"45","2023-06-13 20:03:41","Vulpes vulpes"
"45","2023-06-14 20:51:01","Vulpes vulpes"
"45","2023-06-15 05:11:17","Vulpes vulpes"
"45","2023-06-17 04:17:53","Vulpes vulpes"
"45","2023-06-18 02:29:48","Vulpes vulpes"
"45","2023-06-19 03:22:55","Vulpes vulpes"
"45","2023-06-19 19:12:02","Vulpes vulpes"
"45","2023-06-23 22:48:29","Vulpes vulpes"
"45","2023-06-24 00:39:04","Vulpes vulpes"
"45","2023-06-25 05:06:23","Vulpes vulpes"
"45","2023-06-26 01:09:07","Vulpes vulpes"
"45","2023-06-28 22:38:02","Vulpes vulpes"
"45","2023-07-02 02:16:15","Vulpes vulpes"
"45","2023-07-06 23:31:06","Vulpes vulpes"
"45","2023-07-11 00:34:11","Vulpes vulpes"
"45","2023-07-15 07:15:59","Vulpes vulpes"
"45","2023-07-17 00:00:53","Vulpes vulpes"
"45","2023-07-19 20:28:03","Vulpes vulpes"
"45","2023-07-22 04:55:20","Vulpes vulpes"
"45","2023-07-23 20:44:21","Vulpes vulpes"
"45","2023-08-13 18:46:20","Vulpes vulpes"
"45","2023-08-15 04:13:59","Vulpes vulpes"
"45","2023-08-18 07:13:11","Vulpes vulpes"
"45","2023-08-24 05:58:15","Vulpes vulpes"
"45","2023-08-28 20:51:58","Vulpes vulpes"
"45","2023-09-01 21:07:40","Vulpes vulpes"
"45","2023-09-04 17:12:27","Vulpes vulpes"
"45","2023-09-09 17:42:23","Vulpes vulpes"
"45","2023-09-25 08:11:53","Vulpes vulpes"
"45","2023-10-03 04:04:13","Vulpes vulpes"
"45","2023-10-03 20:06:38","Vulpes vulpes"
"45","2023-10-22 00:07:18","Vulpes vulpes"
"45","2023-10-27 20:09:12","Vulpes vulpes"
"45","2023-11-07 16:44:18","Vulpes vulpes"
"45","2023-11-09 17:42:12","Vulpes vulpes"
"45","2023-11-10 18:52:48","Vulpes vulpes"
"45","2023-11-23 23:29:30","Vulpes vulpes"
"45","2023-11-27 17:32:29","Vulpes vulpes"
"45","2023-11-28 02:58:03","Vulpes vulpes"
"45","2023-12-05 17:52:49","Vulpes vulpes"
"45","2023-12-07 11:26:08","Vulpes vulpes"
"45","2023-12-08 15:04:52","Lynx pardinus"
"45","2023-12-14 21:31:14","Vulpes vulpes"
"45","2023-12-16 03:41:24","Vulpes vulpes"
"45","2023-12-16 06:01:12","Vulpes vulpes"
"45","2023-12-23 18:49:53","Vulpes vulpes"
"45","2023-12-24 17:33:16","Vulpes vulpes"
"45","2023-12-29 20:01:06","Vulpes vulpes"
"45","2024-01-01 18:12:52","Vulpes vulpes"
"45","2024-01-06 03:14:47","Vulpes vulpes"
"45","2024-01-06 14:03:32","Vulpes vulpes"
"45","2024-01-09 05:02:02","Lynx pardinus"
"45","2024-01-11 18:48:52","Vulpes vulpes"
"46","2022-06-14 01:58:08","Vulpes vulpes"
"46","2022-06-21 04:40:42","Lepus granatensis"
"46","2022-07-12 22:34:38","Lepus granatensis"
"46","2022-07-21 00:40:10","Lepus granatensis"
"46","2022-07-21 01:23:32","Vulpes vulpes"
"46","2022-07-21 20:20:22","Vulpes vulpes"
"46","2022-08-03 21:15:01","Lepus granatensis"
"46","2022-08-07 04:24:29","Vulpes vulpes"
"46","2022-08-08 00:45:31","Vulpes vulpes"
"46","2022-08-08 01:42:32","Vulpes vulpes"
"46","2022-08-08 04:07:51","Vulpes vulpes"
"46","2022-08-08 05:04:31","Vulpes vulpes"
"46","2022-08-10 19:59:46","Vulpes vulpes"
"46","2022-08-10 22:47:34","Vulpes vulpes"
"46","2022-08-11 02:52:26","Vulpes vulpes"
"46","2022-08-15 21:16:42","Vulpes vulpes"
"46","2022-08-17 05:30:00","Vulpes vulpes"
"46","2022-08-19 21:29:07","Vulpes vulpes"
"46","2022-08-31 20:55:45","Vulpes vulpes"
"46","2022-09-02 00:54:34","Vulpes vulpes"
"46","2022-09-02 05:02:15","Lepus granatensis"
"46","2022-09-04 20:16:49","Vulpes vulpes"
"46","2022-09-05 05:20:13","Vulpes vulpes"
"46","2022-09-06 10:52:55","Vulpes vulpes"
"46","2022-09-08 22:04:00","Lepus granatensis"
"46","2022-09-11 05:10:23","Lepus granatensis"
"46","2022-09-16 09:20:05","Vulpes vulpes"
"46","2022-09-17 10:24:15","Vulpes vulpes"
"46","2022-09-20 00:24:05","Vulpes vulpes"
"46","2022-09-25 05:25:47","Lepus granatensis"
"46","2022-09-27 18:57:06","Lepus granatensis"
"46","2022-09-30 18:49:44","Lepus granatensis"
"46","2022-10-02 01:51:09","Vulpes vulpes"
"46","2022-10-05 05:30:40","Lepus granatensis"
"46","2022-10-06 05:46:15","Lepus granatensis"
"46","2022-10-06 22:05:43","Vulpes vulpes"
"46","2022-10-08 04:20:44","Vulpes vulpes"
"46","2022-10-08 05:41:11","Lepus granatensis"
"46","2022-10-08 20:37:27","Vulpes vulpes"
"46","2022-10-08 22:05:24","Vulpes vulpes"
"46","2022-10-09 02:45:04","Vulpes vulpes"
"46","2022-10-11 18:42:39","Lepus granatensis"
"46","2022-10-11 20:36:31","Meles meles"
"46","2022-10-15 04:54:07","Vulpes vulpes"
"46","2022-10-21 18:11:08","Lepus granatensis"
"46","2022-10-21 22:23:52","Vulpes vulpes"
"46","2022-10-23 17:48:45","Vulpes vulpes"
"46","2022-10-23 18:10:42","Lepus granatensis"
"46","2022-10-24 08:53:34","Herpestes ichneumon"
"46","2022-10-28 22:26:24","Vulpes vulpes"
"46","2022-10-28 23:22:19","Vulpes vulpes"
"46","2022-10-29 18:29:57","Lepus granatensis"
"46","2022-11-01 18:12:24","Lepus granatensis"
"46","2022-11-01 21:35:28","Lepus granatensis"
"46","2022-11-02 05:00:05","Lepus granatensis"
"46","2022-11-02 17:54:20","Lepus granatensis"
"46","2022-11-02 20:10:10","Lepus granatensis"
"46","2022-11-03 19:08:45","Lepus granatensis"
"46","2022-11-03 23:09:34","Meles meles"
"46","2022-11-05 18:19:47","Lepus granatensis"
"46","2022-11-05 18:19:56","Vulpes vulpes"
"46","2022-11-05 19:31:23","Lepus granatensis"
"46","2022-11-07 17:10:15","Vulpes vulpes"
"46","2022-11-08 05:53:17","Lepus granatensis"
"46","2022-11-12 18:21:08","Meles meles"
"46","2022-11-16 19:19:02","Lepus granatensis"
"46","2022-11-19 17:51:51","Lepus granatensis"
"46","2022-11-19 19:45:53","Vulpes vulpes"
"46","2022-11-22 21:32:00","Vulpes vulpes"
"46","2022-11-24 01:35:57","Lepus granatensis"
"46","2022-11-24 02:25:22","Lepus granatensis"
"46","2022-11-26 01:18:10","Vulpes vulpes"
"46","2022-11-29 20:57:17","Vulpes vulpes"
"46","2022-12-05 17:48:39","Lepus granatensis"
"46","2022-12-09 17:50:59","Lepus granatensis"
"46","2022-12-16 18:38:04","Vulpes vulpes"
"46","2022-12-21 18:07:23","Lepus granatensis"
"46","2022-12-26 21:16:23","Lepus granatensis"
"46","2022-12-26 23:29:13","Lepus granatensis"
"46","2022-12-27 18:42:24","Lepus granatensis"
"46","2022-12-27 20:34:51","Lepus granatensis"
"46","2023-01-18 02:12:30","Meles meles"
"46","2023-01-18 05:23:56","Meles meles"
"46","2023-01-19 23:03:25","Vulpes vulpes"
"46","2023-01-22 06:01:25","Vulpes vulpes"
"46","2023-01-23 06:44:34","Vulpes vulpes"
"46","2023-01-23 17:36:12","Vulpes vulpes"
"46","2023-01-24 18:02:59","Vulpes vulpes"
"46","2023-01-29 19:57:40","Vulpes vulpes"
"46","2023-01-30 03:38:32","Lepus granatensis"
"46","2023-01-30 05:30:56","Meles meles"
"46","2023-01-31 06:48:05","Lepus granatensis"
"46","2023-01-31 20:23:04","Lepus granatensis"
"46","2023-01-31 23:21:09","Lepus granatensis"
"46","2023-02-01 02:59:20","Lepus granatensis"
"46","2023-02-01 18:22:29","Lepus granatensis"
"46","2023-02-01 22:13:29","Lepus granatensis"
"46","2023-02-03 19:51:01","Vulpes vulpes"
"46","2023-02-03 21:07:41","Lepus granatensis"
"46","2023-02-03 22:38:08","Oryctolagus cuniculus"
"46","2023-02-05 23:51:48","Lepus granatensis"
"46","2023-02-06 18:38:43","Meles meles"
"46","2023-02-07 20:15:39","Vulpes vulpes"
"46","2023-02-10 19:09:01","Lepus granatensis"
"46","2023-02-12 01:25:38","Vulpes vulpes"
"46","2023-02-12 18:41:40","Lepus granatensis"
"46","2023-02-14 18:58:57","Lepus granatensis"
"46","2023-02-18 19:44:35","Vulpes vulpes"
"46","2023-02-22 21:53:23","Vulpes vulpes"
"46","2023-02-24 00:42:47","Lepus granatensis"
"46","2023-02-24 03:02:43","Lepus granatensis"
"46","2023-02-24 19:17:56","Vulpes vulpes"
"46","2023-02-25 18:48:35","Vulpes vulpes"
"46","2023-02-26 01:27:34","Lepus granatensis"
"46","2023-02-27 19:59:01","Lepus granatensis"
"46","2023-02-28 18:56:27","Vulpes vulpes"
"46","2023-03-01 06:05:06","Lepus granatensis"
"46","2023-03-01 19:05:15","Lepus granatensis"
"46","2023-03-05 00:07:14","Meles meles"
"46","2023-03-12 20:26:35","Lepus granatensis"
"46","2023-03-15 00:23:44","Lepus granatensis"
"46","2023-03-15 04:50:56","Lepus granatensis"
"46","2023-03-15 05:37:23","Lepus granatensis"
"46","2023-03-15 19:21:29","Lepus granatensis"
"46","2023-03-15 22:39:42","Meles meles"
"46","2023-03-17 18:54:02","Meles meles"
"46","2023-03-17 23:33:05","Lepus granatensis"
"46","2023-03-18 05:53:58","Lepus granatensis"
"46","2023-03-19 23:34:51","Meles meles"
"46","2023-03-21 18:55:09","Meles meles"
"46","2023-03-22 20:36:49","Lepus granatensis"
"46","2023-03-23 19:16:34","Lepus granatensis"
"46","2023-03-23 19:34:59","Vulpes vulpes"
"46","2023-03-24 19:18:06","Lepus granatensis"
"46","2023-03-25 21:08:35","Lepus granatensis"
"46","2023-03-26 05:32:27","Lepus granatensis"
"46","2023-03-26 19:20:20","Lepus granatensis"
"46","2023-03-26 21:12:57","Lepus granatensis"
"46","2023-03-27 05:30:19","Lepus granatensis"
"46","2023-03-27 19:49:34","Lepus granatensis"
"46","2023-03-28 00:41:30","Lepus granatensis"
"46","2023-03-28 21:06:57","Lepus granatensis"
"46","2023-03-28 23:43:46","Vulpes vulpes"
"46","2023-03-30 19:16:21","Lepus granatensis"
"46","2023-03-31 01:52:08","Lepus granatensis"
"46","2023-03-31 23:08:02","Vulpes vulpes"
"46","2023-04-01 02:09:58","Vulpes vulpes"
"46","2023-04-02 22:00:36","Lepus granatensis"
"46","2023-04-03 02:49:20","Vulpes vulpes"
"46","2023-04-04 03:20:39","Lepus granatensis"
"46","2023-04-04 23:00:50","Lepus granatensis"
"46","2023-04-04 23:49:19","Lepus granatensis"
"46","2023-04-05 19:26:48","Lepus granatensis"
"46","2023-04-05 19:37:32","Vulpes vulpes"
"46","2023-04-05 20:53:01","Lepus granatensis"
"46","2023-04-05 23:22:31","Lepus granatensis"
"46","2023-04-07 03:27:04","Lepus granatensis"
"46","2023-04-07 22:39:24","Lepus granatensis"
"46","2023-04-08 02:24:17","Lepus granatensis"
"46","2023-04-10 19:48:58","Vulpes vulpes"
"46","2023-04-11 04:35:51","Lepus granatensis"
"46","2023-04-11 19:48:31","Lepus granatensis"
"46","2023-04-11 20:21:06","Lepus granatensis"
"46","2023-04-11 23:18:24","Vulpes vulpes"
"46","2023-04-12 19:40:14","Lepus granatensis"
"46","2023-04-13 00:47:49","Vulpes vulpes"
"46","2023-04-13 01:41:56","Vulpes vulpes"
"46","2023-04-13 02:44:30","Vulpes vulpes"
"46","2023-04-13 05:10:33","Vulpes vulpes"
"46","2023-04-14 02:08:40","Lepus granatensis"
"46","2023-04-15 00:17:34","Vulpes vulpes"
"46","2023-04-15 00:59:44","Lepus granatensis"
"46","2023-04-15 20:20:55","Lepus granatensis"
"46","2023-04-17 20:05:25","Lepus granatensis"
"46","2023-04-18 22:21:32","Vulpes vulpes"
"46","2023-04-19 00:39:51","Vulpes vulpes"
"46","2023-04-21 21:05:09","Meles meles"
"46","2023-04-22 23:00:26","Vulpes vulpes"
"46","2023-04-23 03:57:19","Meles meles"
"46","2023-04-23 21:39:12","Vulpes vulpes"
"46","2023-04-25 04:15:09","Meles meles"
"46","2023-04-28 01:25:00","Vulpes vulpes"
"46","2023-04-28 23:27:02","Vulpes vulpes"
"46","2023-04-29 22:00:17","Vulpes vulpes"
"46","2023-04-30 23:39:40","Vulpes vulpes"
"46","2023-05-02 22:20:02","Vulpes vulpes"
"46","2023-05-03 01:06:23","Vulpes vulpes"
"46","2023-05-03 02:13:22","Vulpes vulpes"
"46","2023-05-03 20:29:28","Vulpes vulpes"
"46","2023-05-04 22:44:06","Vulpes vulpes"
"46","2023-05-09 06:47:32","Vulpes vulpes"
"46","2023-05-11 04:43:23","Lepus granatensis"
"46","2023-05-14 00:58:30","Vulpes vulpes"
"46","2023-05-14 22:56:06","Vulpes vulpes"
"46","2023-05-15 01:56:50","Vulpes vulpes"
"46","2023-05-15 21:10:10","Vulpes vulpes"
"46","2023-05-16 16:02:40","Vulpes vulpes"
"46","2023-05-17 04:59:55","Vulpes vulpes"
"46","2023-05-18 02:16:53","Vulpes vulpes"
"46","2023-05-18 04:10:03","Vulpes vulpes"
"46","2023-05-19 03:26:00","Vulpes vulpes"
"46","2023-05-19 23:20:16","Vulpes vulpes"
"46","2023-05-21 03:59:48","Vulpes vulpes"
"46","2023-05-21 20:00:52","Vulpes vulpes"
"46","2023-05-22 03:41:09","Vulpes vulpes"
"46","2023-06-01 01:02:22","Vulpes vulpes"
"46","2023-06-01 21:06:38","Vulpes vulpes"
"46","2023-06-02 21:06:47","Vulpes vulpes"
"46","2023-06-04 21:47:42","Vulpes vulpes"
"46","2023-06-07 00:47:18","Vulpes vulpes"
"46","2023-06-07 04:12:53","Meles meles"
"46","2023-06-14 23:23:47","Vulpes vulpes"
"46","2023-06-16 01:05:32","Vulpes vulpes"
"46","2023-06-16 21:33:34","Vulpes vulpes"
"46","2023-06-19 19:27:32","Vulpes vulpes"
"46","2023-06-20 05:27:02","Vulpes vulpes"
"46","2023-06-22 21:48:00","Vulpes vulpes"
"46","2023-06-27 04:15:03","Lepus granatensis"
"46","2023-06-28 03:50:40","Meles meles"
"46","2023-06-28 20:46:19","Vulpes vulpes"
"46","2023-06-28 21:39:19","Vulpes vulpes"
"46","2023-06-30 20:01:52","Lepus granatensis"
"46","2023-07-01 03:36:52","Lepus granatensis"
"46","2023-07-02 05:17:24","Vulpes vulpes"
"46","2023-07-03 01:00:29","Vulpes vulpes"
"46","2023-07-05 03:21:09","Vulpes vulpes"
"46","2023-07-05 04:44:59","Lepus granatensis"
"46","2023-07-08 21:34:51","Vulpes vulpes"
"46","2023-07-10 02:26:22","Vulpes vulpes"
"46","2023-07-18 04:45:08","Lepus granatensis"
"46","2023-07-19 05:02:22","Lepus granatensis"
"46","2023-07-21 00:59:39","Vulpes vulpes"
"46","2023-07-21 19:48:21","Lepus granatensis"
"46","2023-07-21 23:13:06","Vulpes vulpes"
"46","2023-07-22 00:08:35","Vulpes vulpes"
"46","2023-07-23 03:47:21","Lepus granatensis"
"46","2023-07-25 00:21:54","Vulpes vulpes"
"46","2023-07-29 01:27:07","Vulpes vulpes"
"46","2023-07-29 04:53:38","Lepus granatensis"
"46","2023-07-29 23:04:28","Vulpes vulpes"
"46","2023-07-30 20:22:16","Lepus granatensis"
"46","2023-07-30 22:52:29","Vulpes vulpes"
"46","2023-07-31 01:32:12","Vulpes vulpes"
"46","2023-08-02 11:29:13","Herpestes ichneumon"
"46","2023-08-02 22:06:34","Vulpes vulpes"
"46","2023-08-04 01:47:28","Vulpes vulpes"
"46","2023-08-04 05:20:12","Vulpes vulpes"
"46","2023-08-04 21:52:50","Vulpes vulpes"
"46","2023-08-07 04:22:14","Vulpes vulpes"
"46","2023-08-08 03:32:52","Vulpes vulpes"
"46","2023-08-11 05:01:42","Lepus granatensis"
"46","2023-08-11 23:34:32","Vulpes vulpes"
"46","2023-08-12 22:33:44","Vulpes vulpes"
"46","2023-08-13 21:12:04","Meles meles"
"46","2023-08-18 04:14:48","Vulpes vulpes"
"46","2023-08-21 00:34:11","Meles meles"
"46","2023-08-27 05:25:26","Vulpes vulpes"
"46","2023-09-01 01:17:51","Vulpes vulpes"
"46","2023-09-01 05:01:31","Vulpes vulpes"
"46","2023-09-08 00:18:52","Vulpes vulpes"
"46","2023-09-16 22:14:39","Vulpes vulpes"
"46","2023-09-27 17:53:35","Herpestes ichneumon"
"46","2023-10-05 05:07:45","Vulpes vulpes"
"46","2023-10-31 18:36:45","Vulpes vulpes"
"46","2023-11-22 19:10:33","Vulpes vulpes"
"46","2023-12-05 18:29:55","Vulpes vulpes"
"47","2022-06-13 18:55:54","Vulpes vulpes"
"47","2022-06-18 07:20:19","Vulpes vulpes"
"47","2022-06-25 19:59:42","Vulpes vulpes"
"47","2022-06-26 17:01:43","Vulpes vulpes"
"47","2022-08-10 04:39:33","Vulpes vulpes"
"47","2022-09-08 20:39:10","Vulpes vulpes"
"47","2022-11-26 17:49:46","Oryctolagus cuniculus"
"47","2022-12-30 14:29:05","Vulpes vulpes"
"47","2023-01-18 01:55:08","Vulpes vulpes"
"47","2023-01-18 03:00:33","Vulpes vulpes"
"47","2023-01-18 20:28:10","Vulpes vulpes"
"47","2023-01-19 01:50:31","Vulpes vulpes"
"47","2023-01-22 21:19:41","Oryctolagus cuniculus"
"47","2023-01-22 23:02:18","Oryctolagus cuniculus"
"47","2023-01-24 19:03:50","Vulpes vulpes"
"47","2023-01-26 06:04:33","Oryctolagus cuniculus"
"47","2023-02-01 07:19:54","Vulpes vulpes"
"47","2023-02-08 18:52:13","Vulpes vulpes"
"47","2023-02-10 19:22:47","Oryctolagus cuniculus"
"47","2023-02-10 21:48:02","Vulpes vulpes"
"47","2023-02-16 21:21:04","Vulpes vulpes"
"47","2023-03-05 13:25:01","Lepus granatensis"
"47","2023-03-06 19:51:15","Vulpes vulpes"
"47","2023-03-19 23:57:41","Vulpes vulpes"
"47","2023-03-23 19:19:53","Lynx pardinus"
"47","2023-03-28 23:14:58","Vulpes vulpes"
"47","2023-04-07 20:04:40","Vulpes vulpes"
"47","2023-04-13 05:04:06","Vulpes vulpes"
"47","2023-04-14 07:06:50","Herpestes ichneumon"
"47","2023-04-18 19:56:38","Vulpes vulpes"
"47","2023-04-19 07:06:23","Vulpes vulpes"
"47","2023-04-22 07:35:48","Herpestes ichneumon"
"47","2023-05-01 07:34:22","Vulpes vulpes"
"47","2023-05-01 19:39:01","Vulpes vulpes"
"47","2023-05-05 01:08:42","Vulpes vulpes"
"47","2023-05-05 02:29:26","Vulpes vulpes"
"47","2023-05-15 20:58:54","Vulpes vulpes"
"47","2023-06-20 00:56:18","Vulpes vulpes"
"47","2023-07-06 06:02:50","Herpestes ichneumon"
"47","2023-07-19 10:20:58","Vulpes vulpes"
"47","2023-07-20 08:23:19","Vulpes vulpes"
"47","2023-07-24 04:07:48","Vulpes vulpes"
"47","2023-07-28 00:22:07","Meles meles"
"47","2023-08-04 08:22:43","Vulpes vulpes"
"47","2023-08-07 07:21:31","Herpestes ichneumon"
"47","2023-09-01 07:27:07","Vulpes vulpes"
"47","2023-09-02 08:32:37","Vulpes vulpes"
"47","2023-09-17 05:31:06","Vulpes vulpes"
"47","2023-09-22 09:46:09","Vulpes vulpes"
"47","2023-10-14 16:27:18","Vulpes vulpes"
"47","2023-12-26 16:16:47","Vulpes vulpes"
"47","2023-12-28 17:07:31","Lynx pardinus"
"48","2023-06-18 03:52:51","Lynx pardinus"
"50","2022-07-07 04:18:31","Meles meles"
"50","2022-07-12 05:21:15","Vulpes vulpes"
"50","2022-08-06 05:06:54","Vulpes vulpes"
"50","2022-08-22 22:04:43","Vulpes vulpes"
"50","2022-09-01 10:16:37","Vulpes vulpes"
"50","2022-09-09 19:24:54","Vulpes vulpes"
"50","2022-09-09 20:57:37","Vulpes vulpes"
"50","2022-09-14 06:01:20","Vulpes vulpes"
"50","2022-09-24 20:49:43","Vulpes vulpes"
"50","2022-10-19 02:39:34","Vulpes vulpes"
"50","2022-10-19 05:27:06","Lepus granatensis"
"50","2022-10-25 23:02:38","Vulpes vulpes"
"50","2022-10-26 00:52:21","Vulpes vulpes"
"50","2022-11-05 08:59:24","Vulpes vulpes"
"50","2022-11-05 18:53:22","Vulpes vulpes"
"50","2022-11-16 05:31:08","Vulpes vulpes"
"50","2022-11-20 20:53:31","Vulpes vulpes"
"50","2022-12-01 22:17:52","Vulpes vulpes"
"50","2022-12-04 16:10:21","Vulpes vulpes"
"50","2022-12-06 18:41:35","Vulpes vulpes"
"50","2022-12-07 02:45:32","Lepus granatensis"
"50","2022-12-14 16:07:02","Vulpes vulpes"
"50","2022-12-25 19:14:19","Vulpes vulpes"
"50","2022-12-26 19:41:27","Vulpes vulpes"
"50","2022-12-28 22:20:00","Vulpes vulpes"
"50","2022-12-29 18:05:17","Vulpes vulpes"
"50","2023-01-21 05:05:22","Lepus granatensis"
"50","2023-01-21 07:40:03","Vulpes vulpes"
"50","2023-01-25 06:37:50","Vulpes vulpes"
"50","2023-02-01 00:14:15","Meles meles"
"50","2023-02-06 20:53:55","Vulpes vulpes"
"50","2023-02-08 20:53:14","Lepus granatensis"
"50","2023-02-14 22:18:33","Vulpes vulpes"
"50","2023-02-16 05:41:45","Vulpes vulpes"
"50","2023-02-16 21:11:32","Vulpes vulpes"
"50","2023-02-22 02:04:07","Vulpes vulpes"
"50","2023-02-22 18:43:40","Vulpes vulpes"
"50","2023-02-24 22:58:51","Lepus granatensis"
"50","2023-02-26 19:21:51","Vulpes vulpes"
"50","2023-02-26 20:25:52","Meles meles"
"50","2023-03-03 16:13:06","Vulpes vulpes"
"50","2023-03-06 03:18:24","Lepus granatensis"
"50","2023-03-11 21:30:47","Lepus granatensis"
"50","2023-03-15 18:40:07","Vulpes vulpes"
"50","2023-03-17 16:17:45","Vulpes vulpes"
"50","2023-03-18 16:21:32","Vulpes vulpes"
"50","2023-03-21 23:25:07","Lepus granatensis"
"50","2023-03-22 02:46:52","Lepus granatensis"
"50","2023-03-23 03:39:39","Lepus granatensis"
"50","2023-03-24 01:41:39","Lepus granatensis"
"50","2023-03-24 02:38:07","Lepus granatensis"
"50","2023-03-24 03:03:52","Vulpes vulpes"
"50","2023-03-24 22:51:27","Lepus granatensis"
"50","2023-03-27 00:50:44","Lepus granatensis"
"50","2023-03-27 02:56:49","Lepus granatensis"
"50","2023-03-27 04:14:42","Lepus granatensis"
"50","2023-03-27 17:25:21","Vulpes vulpes"
"50","2023-03-28 20:33:44","Lepus granatensis"
"50","2023-03-31 20:59:39","Vulpes vulpes"
"50","2023-04-01 21:30:32","Vulpes vulpes"
"50","2023-04-02 16:32:57","Vulpes vulpes"
"50","2023-04-02 20:10:54","Lepus granatensis"
"50","2023-04-05 17:33:42","Vulpes vulpes"
"50","2023-04-07 21:44:17","Vulpes vulpes"
"50","2023-04-09 18:17:50","Vulpes vulpes"
"50","2023-04-13 05:33:30","Vulpes vulpes"
"50","2023-04-13 16:47:57","Vulpes vulpes"
"50","2023-04-15 16:20:15","Vulpes vulpes"
"50","2023-04-15 21:17:52","Meles meles"
"50","2023-04-18 20:34:33","Vulpes vulpes"
"50","2023-05-22 01:03:08","Vulpes vulpes"
"50","2023-05-27 03:55:56","Meles meles"
"50","2023-06-11 08:19:26","Vulpes vulpes"
"50","2023-06-20 22:21:26","Lepus granatensis"
"50","2023-06-22 00:27:50","Vulpes vulpes"
"50","2023-07-20 04:30:51","Vulpes vulpes"
"50","2023-07-21 03:53:37","Vulpes vulpes"
"50","2023-09-09 21:13:28","Vulpes vulpes"
"50","2023-09-21 22:40:26","Lepus granatensis"
"50","2023-10-28 04:45:23","Meles meles"
"50","2023-11-14 00:13:52","Vulpes vulpes"
"50","2023-11-16 00:54:06","Vulpes vulpes"
"50","2023-11-19 05:09:33","Lepus granatensis"
"50","2023-11-22 05:35:48","Lepus granatensis"
"50","2023-11-23 19:15:11","Lepus granatensis"
"50","2023-11-26 01:44:54","Lepus granatensis"
"50","2023-11-26 06:49:53","Vulpes vulpes"
"50","2023-11-27 00:31:03","Lepus granatensis"
"50","2023-12-02 20:51:09","Lepus granatensis"
"50","2023-12-02 21:49:33","Lepus granatensis"
"50","2023-12-03 18:44:51","Lepus granatensis"
"50","2023-12-09 01:41:01","Lepus granatensis"
"50","2023-12-09 20:03:09","Lepus granatensis"
"50","2023-12-11 23:52:47","Lepus granatensis"
"50","2023-12-15 01:16:44","Vulpes vulpes"
"50","2023-12-16 02:34:08","Vulpes vulpes"
"50","2023-12-17 23:15:08","Lepus granatensis"
"50","2024-01-05 10:41:56","Vulpes vulpes"
"51","2022-06-13 00:39:44","Vulpes vulpes"
"51","2022-06-13 01:31:39","Vulpes vulpes"
"51","2022-06-14 06:33:54","Vulpes vulpes"
"51","2022-07-01 06:44:56","Lepus granatensis"
"51","2022-07-17 00:09:02","Vulpes vulpes"
"51","2022-07-19 21:37:43","Vulpes vulpes"
"51","2022-07-19 23:58:57","Vulpes vulpes"
"51","2022-08-18 22:45:54","Vulpes vulpes"
"51","2022-08-24 02:54:08","Vulpes vulpes"
"51","2022-09-30 17:56:39","Vulpes vulpes"
"51","2022-11-01 18:29:58","Vulpes vulpes"
"51","2022-11-19 20:19:36","Vulpes vulpes"
"51","2022-11-19 23:49:08","Vulpes vulpes"
"51","2022-11-24 21:20:35","Vulpes vulpes"
"51","2022-11-29 00:12:43","Vulpes vulpes"
"51","2023-01-23 22:49:35","Lepus granatensis"
"51","2023-01-28 21:48:40","Lepus granatensis"
"51","2023-01-31 20:33:23","Lepus granatensis"
"51","2023-02-27 18:47:12","Vulpes vulpes"
"51","2023-02-27 20:47:51","Vulpes vulpes"
"51","2023-03-01 03:59:36","Vulpes vulpes"
"51","2023-03-04 00:18:42","Vulpes vulpes"
"51","2023-03-05 04:13:07","Lepus granatensis"
"51","2023-03-14 02:13:37","Vulpes vulpes"
"51","2023-04-05 19:19:54","Vulpes vulpes"
"51","2023-04-06 00:50:07","Lepus granatensis"
"51","2023-04-07 00:39:05","Lepus granatensis"
"51","2023-04-08 00:55:36","Vulpes vulpes"
"51","2023-04-13 04:32:23","Vulpes vulpes"
"51","2023-04-15 03:31:20","Vulpes vulpes"
"51","2023-04-18 19:23:27","Vulpes vulpes"
"51","2023-04-18 20:59:30","Vulpes vulpes"
"51","2023-04-19 01:37:09","Vulpes vulpes"
"51","2023-04-19 04:38:19","Vulpes vulpes"
"51","2023-04-20 18:59:44","Vulpes vulpes"
"51","2023-04-22 02:06:20","Vulpes vulpes"
"51","2023-04-23 01:10:42","Vulpes vulpes"
"51","2023-04-24 04:10:34","Vulpes vulpes"
"51","2023-04-25 19:47:47","Vulpes vulpes"
"51","2023-04-27 02:28:50","Vulpes vulpes"
"51","2023-04-30 18:53:10","Vulpes vulpes"
"51","2023-05-04 22:08:51","Vulpes vulpes"
"51","2023-05-06 17:43:54","Vulpes vulpes"
"51","2023-05-07 16:41:27","Vulpes vulpes"
"51","2023-05-07 17:29:44","Vulpes vulpes"
"51","2023-05-07 22:56:25","Vulpes vulpes"
"51","2023-05-07 23:51:35","Vulpes vulpes"
"51","2023-05-08 00:25:33","Vulpes vulpes"
"51","2023-05-09 02:24:34","Lepus granatensis"
"51","2023-05-09 03:21:15","Vulpes vulpes"
"51","2023-05-10 03:37:56","Vulpes vulpes"
"51","2023-05-13 04:56:24","Vulpes vulpes"
"51","2023-05-22 01:20:12","Vulpes vulpes"
"51","2023-06-23 22:12:37","Vulpes vulpes"
"51","2023-07-01 04:20:03","Vulpes vulpes"
"51","2023-07-02 20:35:55","Vulpes vulpes"
"51","2023-07-09 21:58:35","Vulpes vulpes"
"51","2023-07-14 23:18:04","Lepus granatensis"
"51","2023-07-28 20:17:03","Vulpes vulpes"
"51","2023-07-29 20:24:26","Vulpes vulpes"
"51","2023-08-04 20:08:17","Vulpes vulpes"
"51","2023-09-28 01:39:38","Vulpes vulpes"
"51","2023-10-25 04:23:12","Vulpes vulpes"
"51","2023-10-26 22:47:05","Vulpes vulpes"
"51","2023-10-30 20:12:23","Vulpes vulpes"
"51","2023-11-16 19:54:05","Vulpes vulpes"
"51","2023-11-20 04:48:29","Vulpes vulpes"
"51","2023-12-15 02:28:43","Meles meles"
"52","2022-06-12 23:25:18","Vulpes vulpes"
"52","2022-06-13 20:04:48","Vulpes vulpes"
"52","2022-06-13 22:35:59","Vulpes vulpes"
"52","2022-06-14 23:09:46","Vulpes vulpes"
"52","2022-06-16 05:10:22","Vulpes vulpes"
"52","2022-06-20 05:11:51","Meles meles"
"52","2022-06-20 20:06:50","Vulpes vulpes"
"52","2022-06-24 07:25:34","Vulpes vulpes"
"52","2022-06-25 03:22:36","Meles meles"
"52","2022-06-25 20:51:29","Vulpes vulpes"
"52","2022-06-28 20:01:27","Vulpes vulpes"
"52","2022-06-30 04:34:10","Meles meles"
"52","2022-06-30 21:23:48","Meles meles"
"52","2022-07-01 22:18:52","Lepus granatensis"
"52","2022-07-04 05:45:00","Vulpes vulpes"
"52","2022-07-05 03:22:15","Vulpes vulpes"
"52","2022-07-06 02:46:23","Vulpes vulpes"
"52","2022-07-09 00:06:32","Meles meles"
"52","2022-07-09 02:12:25","Vulpes vulpes"
"52","2022-07-09 21:27:03","Vulpes vulpes"
"52","2022-07-09 22:15:03","Vulpes vulpes"
"52","2022-07-10 03:45:51","Vulpes vulpes"
"52","2022-07-10 22:29:17","Vulpes vulpes"
"52","2022-07-11 01:10:23","Meles meles"
"52","2022-07-11 03:21:36","Vulpes vulpes"
"52","2022-07-11 20:52:22","Vulpes vulpes"
"52","2022-07-12 02:13:54","Vulpes vulpes"
"52","2022-07-13 21:34:17","Vulpes vulpes"
"52","2022-07-14 04:28:30","Vulpes vulpes"
"52","2022-07-14 05:44:06","Vulpes vulpes"
"52","2022-07-15 22:03:32","Vulpes vulpes"
"52","2022-07-16 04:10:09","Vulpes vulpes"
"52","2022-07-16 22:24:08","Vulpes vulpes"
"52","2022-07-17 00:49:46","Vulpes vulpes"
"52","2022-07-17 20:43:26","Vulpes vulpes"
"52","2022-07-19 23:17:17","Vulpes vulpes"
"52","2022-07-20 01:15:47","Vulpes vulpes"
"52","2022-07-21 06:00:21","Vulpes vulpes"
"52","2022-07-23 23:47:52","Vulpes vulpes"
"52","2022-07-24 00:11:35","Meles meles"
"52","2022-07-24 02:49:25","Vulpes vulpes"
"52","2022-07-25 00:56:42","Vulpes vulpes"
"52","2022-07-25 03:25:33","Vulpes vulpes"
"52","2022-07-25 21:13:02","Vulpes vulpes"
"52","2022-07-26 04:52:05","Vulpes vulpes"
"52","2022-07-26 21:36:05","Vulpes vulpes"
"52","2022-07-26 21:53:29","Meles meles"
"52","2022-07-27 00:16:47","Vulpes vulpes"
"52","2022-07-28 21:27:16","Vulpes vulpes"
"52","2022-08-01 00:48:28","Meles meles"
"52","2022-08-02 00:01:05","Vulpes vulpes"
"52","2022-08-07 00:40:40","Vulpes vulpes"
"52","2022-08-09 03:33:17","Vulpes vulpes"
"52","2022-08-10 20:48:03","Meles meles"
"52","2022-08-16 21:53:32","Meles meles"
"52","2022-08-17 02:38:00","Vulpes vulpes"
"52","2022-08-17 20:32:26","Vulpes vulpes"
"52","2022-08-18 05:36:31","Vulpes vulpes"
"52","2022-08-21 21:14:22","Vulpes vulpes"
"52","2022-08-22 00:58:15","Vulpes vulpes"
"52","2022-08-23 03:56:38","Vulpes vulpes"
"52","2022-08-24 07:28:56","Vulpes vulpes"
"52","2022-08-25 01:17:42","Vulpes vulpes"
"52","2022-08-25 23:22:12","Vulpes vulpes"
"52","2022-08-26 00:32:38","Vulpes vulpes"
"52","2022-08-26 19:31:38","Meles meles"
"52","2022-08-27 22:40:18","Vulpes vulpes"
"52","2022-08-28 18:34:42","Vulpes vulpes"
"52","2022-08-30 00:26:02","Vulpes vulpes"
"52","2022-09-02 04:56:03","Vulpes vulpes"
"52","2022-09-04 04:07:08","Vulpes vulpes"
"52","2022-09-05 02:19:35","Vulpes vulpes"
"52","2022-09-07 01:56:37","Vulpes vulpes"
"52","2022-09-08 00:31:35","Vulpes vulpes"
"52","2022-09-08 03:24:45","Vulpes vulpes"
"52","2022-09-08 21:44:30","Meles meles"
"52","2022-09-09 03:01:06","Vulpes vulpes"
"52","2022-09-09 04:18:06","Vulpes vulpes"
"52","2022-09-10 00:19:38","Vulpes vulpes"
"52","2022-09-10 01:42:24","Vulpes vulpes"
"52","2022-09-10 05:01:58","Vulpes vulpes"
"52","2022-09-11 04:03:34","Vulpes vulpes"
"52","2022-09-11 04:49:26","Vulpes vulpes"
"52","2022-09-11 07:21:30","Vulpes vulpes"
"52","2022-09-15 04:57:18","Vulpes vulpes"
"52","2022-09-16 21:55:33","Vulpes vulpes"
"52","2022-09-16 23:27:18","Meles meles"
"52","2022-09-17 22:15:21","Vulpes vulpes"
"52","2022-09-18 00:10:27","Vulpes vulpes"
"52","2022-09-18 05:30:31","Vulpes vulpes"
"52","2022-09-20 04:27:41","Vulpes vulpes"
"52","2022-09-21 03:23:29","Meles meles"
"52","2022-09-23 03:54:20","Vulpes vulpes"
"52","2022-09-25 21:07:26","Vulpes vulpes"
"52","2022-09-26 05:42:34","Vulpes vulpes"
"52","2022-09-26 08:38:52","Vulpes vulpes"
"52","2022-09-27 00:15:19","Vulpes vulpes"
"52","2022-09-30 03:24:28","Meles meles"
"52","2022-09-30 05:21:26","Meles meles"
"52","2022-09-30 20:53:35","Meles meles"
"52","2022-10-02 03:22:33","Vulpes vulpes"
"52","2022-10-02 05:51:06","Vulpes vulpes"
"52","2022-10-02 23:49:46","Vulpes vulpes"
"52","2022-10-03 04:06:37","Vulpes vulpes"
"52","2022-10-05 04:38:44","Vulpes vulpes"
"52","2022-10-05 05:54:57","Vulpes vulpes"
"52","2022-10-06 00:02:23","Meles meles"
"52","2022-10-06 06:59:19","Vulpes vulpes"
"52","2022-10-06 21:00:36","Meles meles"
"52","2022-10-06 22:07:34","Vulpes vulpes"
"52","2022-10-08 02:04:10","Vulpes vulpes"
"52","2022-10-09 00:09:24","Meles meles"
"52","2022-10-09 01:37:33","Vulpes vulpes"
"52","2022-10-11 18:39:56","Meles meles"
"52","2022-10-11 18:39:58","Vulpes vulpes"
"52","2022-10-12 20:11:27","Vulpes vulpes"
"52","2022-10-13 04:04:44","Vulpes vulpes"
"52","2022-10-13 19:50:39","Meles meles"
"52","2022-10-13 19:50:41","Vulpes vulpes"
"52","2022-10-13 20:21:06","Vulpes vulpes"
"52","2022-10-13 23:27:06","Meles meles"
"52","2022-10-15 00:18:07","Meles meles"
"52","2022-10-15 01:21:14","Vulpes vulpes"
"52","2022-10-15 05:19:20","Vulpes vulpes"
"52","2022-10-17 02:24:52","Meles meles"
"52","2022-10-18 05:46:50","Vulpes vulpes"
"52","2022-10-19 21:32:18","Meles meles"
"52","2022-10-20 17:52:07","Vulpes vulpes"
"52","2022-10-21 18:46:44","Meles meles"
"52","2022-10-24 19:34:37","Vulpes vulpes"
"52","2022-10-24 21:49:25","Vulpes vulpes"
"52","2022-10-25 01:01:08","Vulpes vulpes"
"52","2022-10-25 06:46:09","Vulpes vulpes"
"52","2022-10-25 18:34:15","Meles meles"
"52","2022-10-25 21:50:45","Vulpes vulpes"
"52","2022-10-28 00:03:15","Vulpes vulpes"
"52","2022-10-28 01:05:01","Vulpes vulpes"
"52","2022-10-28 06:40:11","Vulpes vulpes"
"52","2022-10-29 20:05:56","Meles meles"
"52","2022-10-30 01:25:31","Meles meles"
"52","2022-10-30 04:02:40","Vulpes vulpes"
"52","2022-10-30 21:24:08","Vulpes vulpes"
"52","2022-10-31 04:45:38","Meles meles"
"52","2022-10-31 18:37:27","Vulpes vulpes"
"52","2022-10-31 21:15:24","Meles meles"
"52","2022-10-31 21:44:27","Vulpes vulpes"
"52","2022-11-01 22:58:07","Vulpes vulpes"
"52","2022-11-01 23:38:31","Meles meles"
"52","2022-11-02 15:59:35","Vulpes vulpes"
"52","2022-11-04 04:00:32","Vulpes vulpes"
"52","2022-11-05 17:28:40","Vulpes vulpes"
"52","2022-11-05 18:22:48","Vulpes vulpes"
"52","2022-11-05 21:41:44","Vulpes vulpes"
"52","2022-11-07 02:21:51","Vulpes vulpes"
"52","2022-11-09 17:19:44","Vulpes vulpes"
"52","2022-11-11 20:05:28","Vulpes vulpes"
"52","2022-11-11 22:52:36","Vulpes vulpes"
"52","2022-11-16 18:41:17","Meles meles"
"52","2022-11-18 21:54:02","Meles meles"
"52","2022-11-19 04:12:01","Vulpes vulpes"
"52","2022-11-19 16:34:29","Vulpes vulpes"
"52","2022-11-19 17:40:47","Vulpes vulpes"
"52","2022-11-23 18:56:22","Meles meles"
"52","2022-11-25 21:07:43","Meles meles"
"52","2022-11-26 19:25:43","Vulpes vulpes"
"52","2022-11-27 18:59:03","Vulpes vulpes"
"52","2022-11-29 01:29:34","Vulpes vulpes"
"52","2022-11-29 20:15:25","Vulpes vulpes"
"52","2022-11-29 21:26:35","Vulpes vulpes"
"52","2022-11-29 22:24:55","Vulpes vulpes"
"52","2022-11-30 00:37:20","Vulpes vulpes"
"52","2022-12-01 17:40:30","Vulpes vulpes"
"52","2022-12-02 10:33:20","Herpestes ichneumon"
"52","2022-12-02 15:44:13","Vulpes vulpes"
"52","2022-12-02 16:31:58","Vulpes vulpes"
"52","2022-12-02 19:15:01","Vulpes vulpes"
"52","2022-12-02 19:21:24","Meles meles"
"52","2022-12-03 13:27:57","Vulpes vulpes"
"52","2022-12-06 17:57:48","Meles meles"
"52","2022-12-06 19:08:42","Vulpes vulpes"
"52","2022-12-07 18:04:27","Vulpes vulpes"
"52","2022-12-10 18:03:06","Meles meles"
"52","2022-12-12 12:33:02","Vulpes vulpes"
"52","2022-12-12 17:49:52","Meles meles"
"52","2022-12-13 03:49:56","Vulpes vulpes"
"52","2022-12-15 17:47:34","Vulpes vulpes"
"52","2022-12-15 18:20:24","Meles meles"
"52","2022-12-15 19:09:06","Vulpes vulpes"
"52","2022-12-16 18:12:54","Meles meles"
"52","2022-12-17 18:21:55","Meles meles"
"52","2022-12-18 14:05:42","Vulpes vulpes"
"52","2022-12-21 19:19:24","Meles meles"
"52","2022-12-22 18:37:55","Meles meles"
"52","2022-12-24 17:32:28","Meles meles"
"52","2022-12-25 18:16:18","Meles meles"
"52","2022-12-26 17:52:04","Meles meles"
"52","2022-12-27 19:16:54","Meles meles"
"52","2022-12-27 19:42:15","Vulpes vulpes"
"52","2022-12-28 16:51:26","Vulpes vulpes"
"52","2022-12-29 18:31:23","Meles meles"
"52","2022-12-30 17:49:36","Meles meles"
"52","2022-12-30 19:13:41","Vulpes vulpes"
"52","2022-12-31 17:24:30","Vulpes vulpes"
"52","2023-01-18 15:49:27","Vulpes vulpes"
"52","2023-01-18 17:58:54","Meles meles"
"52","2023-01-18 18:24:57","Vulpes vulpes"
"52","2023-01-19 00:48:24","Vulpes vulpes"
"52","2023-01-19 01:48:47","Meles meles"
"52","2023-01-19 02:26:48","Vulpes vulpes"
"52","2023-01-19 03:40:36","Vulpes vulpes"
"52","2023-01-19 17:30:25","Meles meles"
"52","2023-01-19 18:24:46","Meles meles"
"52","2023-01-19 19:44:12","Vulpes vulpes"
"52","2023-01-20 18:06:36","Vulpes vulpes"
"52","2023-01-21 19:33:57","Vulpes vulpes"
"52","2023-01-22 15:31:50","Vulpes vulpes"
"52","2023-01-22 17:54:55","Meles meles"
"52","2023-01-22 18:55:00","Vulpes vulpes"
"52","2023-01-22 21:28:10","Vulpes vulpes"
"52","2023-01-23 15:10:59","Vulpes vulpes"
"52","2023-01-23 18:42:14","Vulpes vulpes"
"52","2023-01-23 19:27:36","Meles meles"
"52","2023-01-23 20:20:18","Meles meles"
"52","2023-01-24 17:54:12","Meles meles"
"52","2023-01-24 19:00:55","Vulpes vulpes"
"52","2023-01-25 18:39:16","Meles meles"
"52","2023-01-25 23:08:07","Vulpes vulpes"
"52","2023-01-26 01:52:58","Meles meles"
"52","2023-01-26 03:03:45","Vulpes vulpes"
"52","2023-01-26 17:12:22","Vulpes vulpes"
"52","2023-01-26 20:14:02","Vulpes vulpes"
"52","2023-01-27 19:06:37","Vulpes vulpes"
"52","2023-01-27 20:38:55","Meles meles"
"52","2023-01-27 23:42:37","Vulpes vulpes"
"52","2023-01-28 18:31:23","Meles meles"
"52","2023-01-28 19:25:28","Vulpes vulpes"
"52","2023-01-28 22:34:31","Meles meles"
"52","2023-01-29 00:13:38","Vulpes vulpes"
"52","2023-01-29 00:51:03","Meles meles"
"52","2023-01-29 10:42:18","Vulpes vulpes"
"52","2023-01-29 18:46:23","Vulpes vulpes"
"52","2023-01-29 22:03:07","Meles meles"
"52","2023-01-30 03:51:15","Meles meles"
"52","2023-01-30 18:38:09","Vulpes vulpes"
"52","2023-01-30 22:43:18","Vulpes vulpes"
"52","2023-01-30 23:24:24","Meles meles"
"52","2023-01-31 02:15:54","Vulpes vulpes"
"52","2023-01-31 08:11:47","Vulpes vulpes"
"52","2023-01-31 18:32:36","Vulpes vulpes"
"52","2023-01-31 19:21:18","Meles meles"
"52","2023-02-01 17:58:00","Vulpes vulpes"
"52","2023-02-01 18:26:56","Meles meles"
"52","2023-02-02 14:13:57","Vulpes vulpes"
"52","2023-02-03 23:45:37","Vulpes vulpes"
"52","2023-02-04 18:56:01","Vulpes vulpes"
"52","2023-02-04 20:46:21","Vulpes vulpes"
"52","2023-02-04 23:50:36","Meles meles"
"52","2023-02-05 00:03:36","Vulpes vulpes"
"52","2023-02-05 18:33:58","Vulpes vulpes"
"52","2023-02-05 21:04:12","Vulpes vulpes"
"52","2023-02-08 19:35:38","Meles meles"
"52","2023-02-09 18:57:22","Meles meles"
"52","2023-02-09 19:24:14","Vulpes vulpes"
"52","2023-02-11 00:57:17","Vulpes vulpes"
"52","2023-02-11 01:45:43","Vulpes vulpes"
"52","2023-02-11 03:27:08","Meles meles"
"52","2023-02-11 23:17:46","Meles meles"
"52","2023-02-12 19:04:53","Vulpes vulpes"
"52","2023-02-13 19:11:06","Meles meles"
"52","2023-02-14 03:01:20","Vulpes vulpes"
"52","2023-02-14 19:02:22","Vulpes vulpes"
"52","2023-02-15 05:03:35","Vulpes vulpes"
"52","2023-02-15 17:05:06","Vulpes vulpes"
"52","2023-02-15 19:06:25","Vulpes vulpes"
"52","2023-02-16 18:48:59","Meles meles"
"52","2023-02-16 22:56:07","Meles meles"
"52","2023-02-18 05:55:52","Meles meles"
"52","2023-02-18 19:49:20","Vulpes vulpes"
"52","2023-02-20 03:17:20","Vulpes vulpes"
"52","2023-02-20 19:38:31","Vulpes vulpes"
"52","2023-02-22 20:16:38","Meles meles"
"52","2023-02-23 22:26:32","Vulpes vulpes"
"52","2023-02-24 18:47:32","Meles meles"
"52","2023-02-24 18:57:16","Vulpes vulpes"
"52","2023-02-26 17:40:35","Meles meles"
"52","2023-02-26 18:12:02","Vulpes vulpes"
"52","2023-02-27 02:58:15","Vulpes vulpes"
"52","2023-02-27 20:30:49","Meles meles"
"52","2023-02-28 01:35:36","Vulpes vulpes"
"52","2023-02-28 02:07:09","Vulpes vulpes"
"52","2023-02-28 23:30:04","Vulpes vulpes"
"52","2023-03-01 02:06:10","Vulpes vulpes"
"52","2023-03-01 05:09:13","Vulpes vulpes"
"52","2023-03-01 23:12:24","Vulpes vulpes"
"52","2023-03-01 23:59:17","Meles meles"
"52","2023-03-02 02:57:09","Vulpes vulpes"
"52","2023-03-04 01:47:40","Vulpes vulpes"
"52","2023-03-04 02:41:34","Meles meles"
"52","2023-03-04 04:21:09","Vulpes vulpes"
"52","2023-03-04 20:14:23","Vulpes vulpes"
"52","2023-03-04 23:12:48","Meles meles"
"52","2023-03-05 00:48:06","Vulpes vulpes"
"52","2023-03-05 03:36:52","Vulpes vulpes"
"52","2023-03-05 18:36:01","Vulpes vulpes"
"52","2023-03-06 14:24:13","Vulpes vulpes"
"52","2023-03-07 15:20:58","Vulpes vulpes"
"52","2023-03-09 19:00:17","Vulpes vulpes"
"52","2023-03-10 19:11:16","Vulpes vulpes"
"52","2023-03-12 01:33:28","Vulpes vulpes"
"52","2023-03-12 22:29:27","Vulpes vulpes"
"52","2023-03-13 23:38:13","Meles meles"
"52","2023-03-14 01:56:26","Meles meles"
"52","2023-03-15 18:50:51","Meles meles"
"52","2023-03-15 21:49:21","Vulpes vulpes"
"52","2023-03-16 15:24:13","Vulpes vulpes"
"52","2023-03-16 18:47:29","Vulpes vulpes"
"52","2023-03-17 22:05:44","Vulpes vulpes"
"52","2023-03-18 03:41:37","Vulpes vulpes"
"52","2023-03-18 04:54:12","Vulpes vulpes"
"52","2023-03-18 22:16:49","Vulpes vulpes"
"52","2023-03-19 20:32:18","Vulpes vulpes"
"52","2023-03-20 20:35:05","Vulpes vulpes"
"52","2023-03-21 22:53:42","Vulpes vulpes"
"52","2023-03-27 20:36:46","Vulpes vulpes"
"52","2023-03-28 19:20:43","Vulpes vulpes"
"52","2023-03-28 22:52:55","Vulpes vulpes"
"52","2023-03-29 02:44:46","Meles meles"
"52","2023-03-29 06:21:42","Vulpes vulpes"
"52","2023-03-30 00:10:59","Vulpes vulpes"
"52","2023-04-01 22:20:01","Lepus granatensis"
"52","2023-04-02 18:45:33","Vulpes vulpes"
"52","2023-04-03 20:07:06","Meles meles"
"52","2023-04-04 06:34:44","Vulpes vulpes"
"52","2023-04-04 23:39:02","Meles meles"
"52","2023-04-06 19:42:07","Vulpes vulpes"
"52","2023-04-06 21:42:02","Vulpes vulpes"
"52","2023-04-07 01:54:32","Meles meles"
"52","2023-04-08 19:22:28","Lepus granatensis"
"52","2023-04-10 02:17:33","Meles meles"
"52","2023-04-13 20:46:23","Meles meles"
"52","2023-04-13 21:27:59","Vulpes vulpes"
"52","2023-04-14 00:52:41","Vulpes vulpes"
"52","2023-04-14 03:04:10","Vulpes vulpes"
"52","2023-04-15 05:12:45","Vulpes vulpes"
"52","2023-04-17 03:04:40","Vulpes vulpes"
"52","2023-04-17 03:42:04","Meles meles"
"52","2023-04-19 05:49:05","Vulpes vulpes"
"52","2023-04-19 07:18:48","Vulpes vulpes"
"52","2023-04-19 21:18:03","Vulpes vulpes"
"52","2023-04-19 21:51:30","Vulpes vulpes"
"52","2023-04-21 03:40:28","Meles meles"
"52","2023-04-21 06:48:34","Vulpes vulpes"
"52","2023-04-21 15:25:39","Vulpes vulpes"
"52","2023-04-21 15:56:34","Vulpes vulpes"
"52","2023-04-21 22:11:00","Vulpes vulpes"
"52","2023-04-22 21:46:33","Vulpes vulpes"
"52","2023-04-23 04:26:25","Vulpes vulpes"
"52","2023-04-24 03:30:47","Vulpes vulpes"
"52","2023-04-24 05:13:33","Vulpes vulpes"
"52","2023-04-24 21:23:44","Meles meles"
"52","2023-04-25 01:03:49","Meles meles"
"52","2023-04-25 20:49:05","Meles meles"
"52","2023-04-26 18:18:48","Vulpes vulpes"
"52","2023-04-26 19:28:12","Meles meles"
"52","2023-04-28 03:07:20","Vulpes vulpes"
"52","2023-04-29 23:09:34","Meles meles"
"52","2023-04-30 19:35:39","Meles meles"
"52","2023-05-02 23:33:24","Meles meles"
"52","2023-05-03 22:02:09","Vulpes vulpes"
"52","2023-05-05 02:23:09","Vulpes vulpes"
"52","2023-05-06 02:10:27","Lepus granatensis"
"52","2023-05-07 22:36:44","Vulpes vulpes"
"52","2023-05-08 23:06:41","Vulpes vulpes"
"52","2023-05-12 20:37:42","Meles meles"
"52","2023-05-13 05:00:58","Lepus granatensis"
"52","2023-05-15 08:43:44","Vulpes vulpes"
"52","2023-05-16 21:19:33","Vulpes vulpes"
"52","2023-05-17 02:27:17","Vulpes vulpes"
"52","2023-05-17 03:13:58","Vulpes vulpes"
"52","2023-05-20 05:38:16","Vulpes vulpes"
"52","2023-05-20 21:25:14","Vulpes vulpes"
"52","2023-05-22 19:36:15","Vulpes vulpes"
"52","2023-05-22 21:14:02","Vulpes vulpes"
"52","2023-05-23 08:33:17","Lepus granatensis"
"52","2023-05-27 03:09:07","Vulpes vulpes"
"52","2023-05-27 19:55:02","Vulpes vulpes"
"52","2023-05-27 20:31:03","Meles meles"
"52","2023-05-27 20:52:12","Vulpes vulpes"
"52","2023-05-30 20:11:20","Vulpes vulpes"
"52","2023-06-01 02:10:05","Meles meles"
"52","2023-06-02 19:35:06","Vulpes vulpes"
"52","2023-06-02 23:33:53","Vulpes vulpes"
"52","2023-06-05 21:16:48","Vulpes vulpes"
"52","2023-06-06 01:51:44","Vulpes vulpes"
"52","2023-06-07 22:55:01","Meles meles"
"52","2023-06-13 04:02:26","Meles meles"
"52","2023-06-13 20:58:51","Vulpes vulpes"
"52","2023-06-18 20:21:17","Vulpes vulpes"
"52","2023-06-20 15:54:30","Vulpes vulpes"
"52","2023-06-21 05:40:00","Vulpes vulpes"
"52","2023-06-24 02:18:09","Vulpes vulpes"
"52","2023-06-27 03:01:44","Vulpes vulpes"
"52","2023-06-27 04:32:28","Vulpes vulpes"
"52","2023-07-01 01:17:58","Vulpes vulpes"
"52","2023-07-01 02:36:00","Vulpes vulpes"
"52","2023-07-02 20:36:15","Vulpes vulpes"
"52","2023-07-04 19:16:43","Vulpes vulpes"
"52","2023-07-05 01:10:01","Vulpes vulpes"
"52","2023-07-05 21:09:30","Vulpes vulpes"
"52","2023-07-07 22:50:52","Vulpes vulpes"
"52","2023-07-09 21:08:47","Vulpes vulpes"
"52","2023-07-10 04:38:06","Vulpes vulpes"
"52","2023-07-11 19:46:24","Vulpes vulpes"
"52","2023-07-13 00:31:55","Meles meles"
"52","2023-07-13 02:30:03","Vulpes vulpes"
"52","2023-07-13 06:42:44","Vulpes vulpes"
"52","2023-07-14 05:03:08","Vulpes vulpes"
"52","2023-07-14 21:12:32","Vulpes vulpes"
"52","2023-07-15 06:14:32","Meles meles"
"52","2023-07-15 21:10:16","Vulpes vulpes"
"52","2023-07-16 01:21:51","Vulpes vulpes"
"52","2023-07-16 23:21:08","Vulpes vulpes"
"52","2023-07-17 04:28:32","Vulpes vulpes"
"52","2023-07-17 23:04:33","Meles meles"
"52","2023-07-17 23:19:21","Vulpes vulpes"
"52","2023-07-18 21:53:58","Vulpes vulpes"
"52","2023-07-19 04:03:16","Vulpes vulpes"
"52","2023-07-19 04:56:57","Vulpes vulpes"
"52","2023-07-19 20:54:51","Vulpes vulpes"
"52","2023-07-19 22:31:58","Vulpes vulpes"
"52","2023-07-20 03:06:55","Vulpes vulpes"
"52","2023-07-20 05:14:27","Vulpes vulpes"
"52","2023-07-21 02:17:15","Vulpes vulpes"
"52","2023-07-21 04:05:50","Vulpes vulpes"
"52","2023-07-21 07:52:37","Vulpes vulpes"
"52","2023-07-22 22:58:14","Vulpes vulpes"
"52","2023-07-23 21:10:07","Vulpes vulpes"
"52","2023-07-23 23:43:16","Vulpes vulpes"
"52","2023-07-24 20:25:37","Vulpes vulpes"
"52","2023-07-24 22:54:43","Vulpes vulpes"
"52","2023-07-25 02:57:15","Vulpes vulpes"
"52","2023-07-25 03:58:13","Vulpes vulpes"
"52","2023-07-25 05:08:12","Vulpes vulpes"
"52","2023-07-25 21:26:07","Vulpes vulpes"
"52","2023-07-26 22:02:26","Vulpes vulpes"
"52","2023-07-27 18:03:09","Vulpes vulpes"
"52","2023-07-28 01:42:51","Vulpes vulpes"
"52","2023-07-28 19:29:07","Vulpes vulpes"
"52","2023-07-29 20:41:11","Vulpes vulpes"
"52","2023-07-30 21:50:07","Vulpes vulpes"
"52","2023-07-31 04:28:22","Vulpes vulpes"
"52","2023-07-31 17:27:58","Meles meles"
"52","2023-07-31 22:03:44","Vulpes vulpes"
"52","2023-08-01 03:27:40","Vulpes vulpes"
"52","2023-08-01 19:59:11","Vulpes vulpes"
"52","2023-08-02 05:21:11","Vulpes vulpes"
"52","2023-08-02 20:03:57","Vulpes vulpes"
"52","2023-08-04 03:09:53","Vulpes vulpes"
"52","2023-08-04 18:47:14","Vulpes vulpes"
"52","2023-08-04 19:21:24","Vulpes vulpes"
"52","2023-08-04 21:38:58","Vulpes vulpes"
"52","2023-08-05 01:03:59","Vulpes vulpes"
"52","2023-08-06 20:43:19","Vulpes vulpes"
"52","2023-08-08 02:38:13","Vulpes vulpes"
"52","2023-08-09 04:58:15","Vulpes vulpes"
"52","2023-08-09 20:03:13","Vulpes vulpes"
"52","2023-08-10 19:51:42","Vulpes vulpes"
"52","2023-08-12 03:49:09","Vulpes vulpes"
"52","2023-08-12 19:51:20","Vulpes vulpes"
"52","2023-08-13 20:30:15","Vulpes vulpes"
"52","2023-08-14 20:38:43","Vulpes vulpes"
"52","2023-08-15 20:12:45","Vulpes vulpes"
"52","2023-08-16 21:50:33","Vulpes vulpes"
"52","2023-08-18 02:55:42","Vulpes vulpes"
"52","2023-08-23 20:27:51","Vulpes vulpes"
"52","2023-08-24 04:53:27","Vulpes vulpes"
"52","2023-08-24 22:50:35","Vulpes vulpes"
"52","2023-08-25 04:33:31","Vulpes vulpes"
"52","2023-08-27 00:06:50","Vulpes vulpes"
"52","2023-08-28 07:25:44","Vulpes vulpes"
"52","2023-08-28 22:02:53","Vulpes vulpes"
"52","2023-08-30 19:53:53","Vulpes vulpes"
"52","2023-09-04 20:59:38","Vulpes vulpes"
"52","2023-09-05 16:22:51","Vulpes vulpes"
"52","2023-09-06 18:07:51","Vulpes vulpes"
"52","2023-09-06 21:41:34","Vulpes vulpes"
"52","2023-09-07 03:44:49","Vulpes vulpes"
"52","2023-09-07 04:15:09","Vulpes vulpes"
"52","2023-09-14 03:49:12","Vulpes vulpes"
"52","2023-09-15 02:43:27","Vulpes vulpes"
"52","2023-09-15 20:59:58","Vulpes vulpes"
"52","2023-09-19 20:18:25","Vulpes vulpes"
"52","2023-09-23 00:54:14","Vulpes vulpes"
"52","2023-09-25 19:51:48","Vulpes vulpes"
"52","2023-09-26 01:54:26","Vulpes vulpes"
"52","2023-09-26 22:55:35","Vulpes vulpes"
"52","2023-09-30 00:45:24","Vulpes vulpes"
"52","2023-10-06 04:18:35","Meles meles"
"52","2023-10-08 23:06:58","Vulpes vulpes"
"52","2023-10-09 01:14:34","Vulpes vulpes"
"52","2023-10-09 18:51:25","Vulpes vulpes"
"52","2023-10-10 23:01:28","Vulpes vulpes"
"52","2023-11-05 17:01:10","Vulpes vulpes"
"52","2023-11-17 22:03:08","Vulpes vulpes"
"52","2023-11-18 20:01:02","Meles meles"
"52","2023-11-26 21:26:30","Vulpes vulpes"
"52","2023-11-26 23:22:59","Vulpes vulpes"
"52","2023-11-27 02:36:14","Vulpes vulpes"
"52","2023-11-27 03:49:25","Vulpes vulpes"
"52","2023-11-27 07:32:26","Vulpes vulpes"
"52","2023-11-27 08:17:52","Vulpes vulpes"
"52","2023-11-27 09:37:42","Vulpes vulpes"
"52","2023-11-27 20:23:38","Vulpes vulpes"
"52","2023-11-28 01:51:55","Meles meles"
"52","2023-11-28 02:05:17","Vulpes vulpes"
"52","2023-11-28 03:31:32","Vulpes vulpes"
"52","2023-11-28 07:12:31","Vulpes vulpes"
"52","2023-11-28 16:13:58","Vulpes vulpes"
"52","2023-11-28 18:57:33","Vulpes vulpes"
"52","2023-11-28 21:24:39","Vulpes vulpes"
"52","2023-11-29 17:24:17","Vulpes vulpes"
"52","2023-12-01 15:22:42","Vulpes vulpes"
"52","2023-12-14 20:08:18","Vulpes vulpes"
"52","2023-12-15 04:08:23","Vulpes vulpes"
"52","2023-12-22 22:14:54","Vulpes vulpes"
"52","2023-12-27 19:53:50","Vulpes vulpes"
"52","2023-12-28 19:25:30","Vulpes vulpes"
"52","2023-12-30 04:04:12","Vulpes vulpes"
"52","2023-12-31 19:52:15","Lepus granatensis"
"52","2024-01-10 18:57:07","Vulpes vulpes"
"53","2022-08-17 05:44:41","Vulpes vulpes"
"53","2022-10-29 18:37:28","Vulpes vulpes"
"53","2022-11-26 04:39:40","Vulpes vulpes"
"53","2022-12-26 19:25:49","Vulpes vulpes"
"53","2022-12-30 17:56:51","Meles meles"
"53","2023-01-19 21:37:52","Meles meles"
"53","2023-01-24 13:47:56","Vulpes vulpes"
"53","2023-02-08 19:37:52","Vulpes vulpes"
"53","2023-02-17 03:36:48","Vulpes vulpes"
"53","2023-02-19 18:57:40","Vulpes vulpes"
"53","2023-02-20 01:55:06","Lepus granatensis"
"53","2023-02-20 05:00:06","Lepus granatensis"
"53","2023-02-26 01:33:53","Lepus granatensis"
"53","2023-03-13 23:21:19","Vulpes vulpes"
"53","2023-03-15 05:42:12","Meles meles"
"53","2023-03-16 20:22:27","Vulpes vulpes"
"53","2023-03-18 05:25:29","Lepus granatensis"
"53","2023-03-26 05:27:35","Meles meles"
"53","2023-04-04 05:49:26","Vulpes vulpes"
"53","2023-04-14 04:40:28","Meles meles"
"53","2023-04-15 04:15:21","Lepus granatensis"
"53","2023-04-17 05:07:54","Lepus granatensis"
"53","2023-04-28 04:44:37","Lepus granatensis"
"53","2023-05-03 04:03:35","Lepus granatensis"
"53","2023-05-18 02:17:46","Vulpes vulpes"
"53","2023-06-07 04:03:10","Lepus granatensis"
"53","2023-06-10 21:23:13","Lepus granatensis"
"53","2023-06-12 19:57:01","Vulpes vulpes"
"53","2023-06-14 21:27:04","Lepus granatensis"
"53","2023-06-19 02:07:36","Vulpes vulpes"
"53","2023-06-22 18:48:41","Vulpes vulpes"
"53","2023-06-27 01:20:07","Vulpes vulpes"
"53","2023-07-13 21:17:26","Vulpes vulpes"
"53","2023-08-04 01:00:59","Vulpes vulpes"
"53","2023-08-13 04:50:31","Vulpes vulpes"
"53","2023-08-21 05:14:32","Vulpes vulpes"
"53","2023-08-22 00:44:42","Vulpes vulpes"
"53","2023-09-08 17:52:22","Vulpes vulpes"
"53","2023-09-09 05:35:51","Vulpes vulpes"
"53","2023-09-12 02:40:10","Vulpes vulpes"
"53","2023-09-21 19:12:05","Vulpes vulpes"
"53","2023-09-23 04:27:34","Vulpes vulpes"
"53","2023-10-15 20:04:38","Vulpes vulpes"
"53","2023-10-18 22:12:35","Vulpes vulpes"
"53","2023-11-02 17:42:27","Vulpes vulpes"
"53","2023-11-09 02:02:32","Vulpes vulpes"
"53","2023-11-14 18:26:35","Vulpes vulpes"
"53","2023-11-18 17:54:05","Vulpes vulpes"
"53","2023-11-25 17:53:34","Vulpes vulpes"
"53","2023-11-25 18:36:41","Vulpes vulpes"
"53","2023-12-24 17:18:20","Herpestes ichneumon"
"53","2024-01-04 17:59:58","Vulpes vulpes"
"53","2024-01-05 06:24:09","Vulpes vulpes"
"53","2024-01-06 10:15:47","Vulpes vulpes"
"53","2024-01-07 18:54:29","Vulpes vulpes"
"54","2022-08-21 23:15:21","Vulpes vulpes"
"54","2022-09-01 05:07:03","Vulpes vulpes"
"54","2023-01-23 18:41:38","Vulpes vulpes"
"54","2023-01-24 00:14:28","Vulpes vulpes"
"54","2023-01-26 19:11:23","Vulpes vulpes"
"54","2023-04-18 23:23:20","Vulpes vulpes"
"54","2023-05-29 00:01:49","Vulpes vulpes"
"54","2023-07-24 02:53:59","Vulpes vulpes"
"54","2023-07-26 21:40:06","Vulpes vulpes"
"54","2023-07-28 20:21:54","Vulpes vulpes"
"54","2023-07-29 00:13:34","Vulpes vulpes"
"54","2023-07-29 01:17:34","Vulpes vulpes"
"54","2023-07-29 02:44:47","Vulpes vulpes"
"54","2023-07-29 04:29:34","Vulpes vulpes"
"54","2023-07-29 06:26:23","Vulpes vulpes"
"54","2023-07-31 03:46:35","Vulpes vulpes"
"54","2023-08-05 04:58:37","Vulpes vulpes"
"54","2023-08-07 00:44:59","Vulpes vulpes"
"54","2023-08-07 01:37:18","Vulpes vulpes"
"54","2023-08-25 22:08:59","Genetta genetta"
"54","2023-08-28 23:05:16","Vulpes vulpes"
"54","2023-08-29 04:00:11","Vulpes vulpes"
"55","2022-06-12 20:04:28","Lepus granatensis"
"55","2022-06-12 21:53:15","Lepus granatensis"
"55","2022-06-13 22:04:33","Lepus granatensis"
"55","2022-06-21 04:44:35","Lepus granatensis"
"55","2022-06-24 04:15:34","Lepus granatensis"
"55","2022-06-25 04:36:31","Lepus granatensis"
"55","2022-06-25 20:26:09","Vulpes vulpes"
"55","2022-06-29 23:43:36","Vulpes vulpes"
"55","2022-07-04 02:07:46","Vulpes vulpes"
"55","2022-07-04 05:36:38","Vulpes vulpes"
"55","2022-07-05 21:44:39","Vulpes vulpes"
"55","2022-07-07 21:54:35","Vulpes vulpes"
"55","2022-07-16 22:33:24","Vulpes vulpes"
"55","2022-07-18 03:15:29","Vulpes vulpes"
"55","2022-07-28 02:50:43","Vulpes vulpes"
"55","2022-07-30 03:17:46","Vulpes vulpes"
"55","2022-07-31 22:24:06","Vulpes vulpes"
"55","2022-08-03 22:57:19","Vulpes vulpes"
"55","2022-08-09 23:55:33","Lepus granatensis"
"55","2022-08-10 20:08:38","Vulpes vulpes"
"55","2022-08-11 02:52:53","Vulpes vulpes"
"55","2022-08-29 01:55:58","Vulpes vulpes"
"55","2022-08-29 03:48:38","Lepus granatensis"
"55","2022-08-30 22:13:44","Lepus granatensis"
"55","2022-08-31 01:04:36","Vulpes vulpes"
"55","2022-08-31 22:10:52","Lepus granatensis"
"55","2022-09-03 23:13:51","Lepus granatensis"
"55","2022-09-05 04:28:39","Vulpes vulpes"
"55","2022-09-09 05:06:42","Vulpes vulpes"
"55","2022-09-13 04:22:02","Vulpes vulpes"
"55","2022-09-15 19:14:56","Vulpes vulpes"
"55","2022-09-23 19:23:53","Vulpes vulpes"
"55","2022-09-24 21:37:59","Vulpes vulpes"
"55","2022-10-23 20:13:52","Lepus granatensis"
"55","2022-10-24 19:40:40","Vulpes vulpes"
"55","2022-10-27 05:17:59","Lepus granatensis"
"55","2022-11-05 20:06:15","Vulpes vulpes"
"55","2022-11-08 22:16:51","Vulpes vulpes"
"55","2022-11-11 19:37:39","Lepus granatensis"
"55","2022-11-12 04:27:17","Lepus granatensis"
"55","2022-11-20 21:07:59","Vulpes vulpes"
"55","2022-12-02 18:03:39","Vulpes vulpes"
"55","2022-12-10 22:45:26","Lepus granatensis"
"55","2022-12-15 18:10:40","Vulpes vulpes"
"55","2022-12-18 17:41:59","Vulpes vulpes"
"55","2022-12-20 04:42:25","Meles meles"
"55","2022-12-26 18:35:32","Lepus granatensis"
"55","2022-12-28 18:30:03","Vulpes vulpes"
"55","2023-02-09 10:55:43","Herpestes ichneumon"
"55","2023-02-14 06:44:18","Lepus granatensis"
"55","2023-02-17 06:21:18","Lepus granatensis"
"55","2023-03-05 19:57:01","Vulpes vulpes"
"55","2023-03-17 21:05:52","Vulpes vulpes"
"55","2023-03-29 04:44:12","Lepus granatensis"
"55","2023-04-03 05:33:14","Lepus granatensis"
"55","2023-04-07 03:40:47","Lepus granatensis"
"55","2023-04-14 04:34:08","Vulpes vulpes"
"55","2023-04-14 23:27:58","Vulpes vulpes"
"55","2023-05-03 04:46:19","Lepus granatensis"
"55","2023-05-10 01:33:46","Lepus granatensis"
"55","2023-05-15 21:06:34","Vulpes vulpes"
"55","2023-05-19 23:01:52","Vulpes vulpes"
"55","2023-05-21 19:49:23","Lepus granatensis"
"55","2023-05-26 20:30:09","Vulpes vulpes"
"55","2023-05-30 20:21:51","Vulpes vulpes"
"55","2023-05-31 02:53:46","Lepus granatensis"
"55","2023-06-08 20:05:45","Vulpes vulpes"
"55","2023-06-26 21:27:08","Vulpes vulpes"
"55","2023-07-10 21:07:58","Vulpes vulpes"
"55","2023-07-12 21:07:33","Vulpes vulpes"
"55","2023-07-14 21:50:50","Vulpes vulpes"
"55","2023-07-14 22:37:33","Vulpes vulpes"
"55","2023-07-15 20:05:02","Vulpes vulpes"
"55","2023-07-17 21:32:05","Vulpes vulpes"
"55","2023-07-21 22:52:45","Vulpes vulpes"
"55","2023-07-27 20:28:07","Vulpes vulpes"
"55","2023-08-02 22:05:13","Vulpes vulpes"
"55","2023-08-03 23:43:42","Vulpes vulpes"
"55","2023-08-13 21:54:39","Vulpes vulpes"
"55","2023-08-30 02:08:47","Vulpes vulpes"
"55","2023-09-01 20:28:14","Vulpes vulpes"
"55","2023-09-03 20:22:58","Vulpes vulpes"
"55","2023-09-15 19:59:29","Vulpes vulpes"
"55","2023-10-08 05:32:00","Vulpes vulpes"
"55","2023-10-20 06:04:05","Vulpes vulpes"
"55","2023-10-30 18:04:40","Vulpes vulpes"
"55","2023-11-03 18:52:22","Vulpes vulpes"
"55","2023-11-22 06:25:13","Vulpes vulpes"
"55","2023-11-24 17:05:07","Vulpes vulpes"
"55","2023-12-02 01:13:38","Vulpes vulpes"
"55","2023-12-02 18:06:22","Vulpes vulpes"
"55","2023-12-03 11:23:39","Herpestes ichneumon"
"55","2024-01-14 16:24:59","Vulpes vulpes"
"56","2022-08-05 19:30:18","Lynx pardinus"
"56","2023-01-29 16:16:56","Lynx pardinus"
"58","2023-01-23 19:46:56","Vulpes vulpes"
"58","2023-02-26 06:57:39","Vulpes vulpes"
"58","2023-03-29 00:56:57","Vulpes vulpes"
"58","2023-04-10 06:24:33","Vulpes vulpes"
"58","2023-04-18 23:16:44","Vulpes vulpes"
"58","2023-05-24 22:12:31","Vulpes vulpes"
"58","2023-05-25 20:36:59","Vulpes vulpes"
"58","2023-06-06 07:33:31","Vulpes vulpes"
"58","2023-06-15 04:11:07","Vulpes vulpes"
"58","2023-06-22 21:13:08","Vulpes vulpes"
"58","2023-06-30 16:26:50","Vulpes vulpes"
"58","2023-07-05 16:33:18","Vulpes vulpes"
"58","2023-07-08 02:01:49","Vulpes vulpes"
"58","2023-07-13 09:52:49","Vulpes vulpes"
"58","2023-07-15 03:24:28","Vulpes vulpes"
"58","2023-07-19 01:31:38","Vulpes vulpes"
"58","2023-07-23 03:31:11","Vulpes vulpes"
"58","2023-07-24 04:03:40","Vulpes vulpes"
"58","2023-07-25 04:18:50","Vulpes vulpes"
"58","2023-07-27 20:35:17","Vulpes vulpes"
"58","2023-08-03 06:12:33","Vulpes vulpes"
"58","2023-08-04 05:58:57","Vulpes vulpes"
"58","2023-08-07 05:19:03","Vulpes vulpes"
"58","2023-08-11 06:43:50","Vulpes vulpes"
"58","2023-08-13 23:07:30","Vulpes vulpes"
"58","2023-08-14 01:34:56","Vulpes vulpes"
"58","2023-08-15 08:02:54","Vulpes vulpes"
"58","2023-08-20 03:33:34","Vulpes vulpes"
"58","2023-08-21 08:07:06","Vulpes vulpes"
"58","2023-08-22 22:58:32","Vulpes vulpes"
"58","2023-08-25 04:20:14","Vulpes vulpes"
"58","2023-08-26 08:29:26","Vulpes vulpes"
"58","2023-08-28 05:24:35","Vulpes vulpes"
"58","2023-08-29 05:49:28","Vulpes vulpes"
"58","2023-09-05 21:59:10","Meles meles"
"58","2023-09-06 05:51:09","Lepus granatensis"
"58","2023-09-07 09:15:15","Vulpes vulpes"
"58","2023-09-07 09:51:23","Vulpes vulpes"
"58","2023-09-07 11:45:37","Vulpes vulpes"
"58","2023-09-08 21:52:52","Meles meles"
"58","2023-09-09 04:09:42","Vulpes vulpes"
"58","2023-09-09 19:10:33","Vulpes vulpes"
"58","2023-09-11 04:41:11","Meles meles"
"58","2023-09-11 20:20:25","Vulpes vulpes"
"58","2023-09-14 17:06:21","Vulpes vulpes"
"58","2023-09-14 19:03:28","Lepus granatensis"
"58","2023-09-16 19:52:27","Vulpes vulpes"
"58","2023-09-17 06:28:55","Vulpes vulpes"
"58","2023-09-17 07:45:02","Vulpes vulpes"
"58","2023-09-17 20:51:29","Vulpes vulpes"
"58","2023-09-17 21:09:48","Meles meles"
"58","2023-09-18 00:13:42","Lepus granatensis"
"58","2023-09-18 03:58:15","Vulpes vulpes"
"58","2023-09-18 21:22:23","Meles meles"
"58","2023-09-19 11:13:26","Vulpes vulpes"
"58","2023-09-20 03:17:53","Vulpes vulpes"
"58","2023-09-20 04:18:27","Vulpes vulpes"
"58","2023-09-20 22:38:17","Vulpes vulpes"
"58","2023-09-21 05:16:53","Vulpes vulpes"
"58","2023-09-21 18:16:30","Vulpes vulpes"
"58","2023-09-21 20:19:13","Vulpes vulpes"
"58","2023-09-22 18:10:28","Vulpes vulpes"
"58","2023-09-23 03:15:40","Vulpes vulpes"
"58","2023-09-23 04:19:06","Vulpes vulpes"
"58","2023-09-23 21:45:51","Vulpes vulpes"
"58","2023-09-25 19:57:11","Vulpes vulpes"
"58","2023-09-25 20:57:30","Vulpes vulpes"
"58","2023-09-25 23:21:56","Meles meles"
"58","2023-09-26 20:54:09","Vulpes vulpes"
"58","2023-09-27 23:32:48","Vulpes vulpes"
"58","2023-09-29 00:12:52","Vulpes vulpes"
"58","2023-09-29 01:59:57","Vulpes vulpes"
"58","2023-10-01 01:30:40","Meles meles"
"58","2023-10-01 05:54:32","Vulpes vulpes"
"58","2023-10-01 08:21:10","Vulpes vulpes"
"58","2023-10-03 10:20:11","Vulpes vulpes"
"58","2023-11-15 19:55:29","Vulpes vulpes"
"58","2023-11-15 21:41:24","Vulpes vulpes"
"6","2021-01-20 19:06:15","Oryctolagus cuniculus"
"6","2021-05-24 01:10:00","Oryctolagus cuniculus"
"6","2021-06-29 12:56:19","Herpestes ichneumon"
"6","2021-07-02 11:21:20","Herpestes ichneumon"
"61","2022-07-04 21:28:47","Vulpes vulpes"
"61","2022-07-12 21:48:47","Vulpes vulpes"
"61","2022-07-14 05:20:29","Vulpes vulpes"
"61","2022-07-23 21:24:48","Vulpes vulpes"
"61","2022-08-06 07:30:56","Vulpes vulpes"
"61","2022-12-31 14:00:04","Vulpes vulpes"
"61","2023-02-04 21:15:15","Vulpes vulpes"
"61","2023-03-10 12:15:08","Vulpes vulpes"
"61","2023-04-11 20:31:23","Vulpes vulpes"
"61","2023-04-13 22:14:32","Vulpes vulpes"
"61","2023-04-14 22:40:39","Vulpes vulpes"
"61","2023-04-17 21:56:37","Vulpes vulpes"
"61","2023-04-20 21:23:04","Vulpes vulpes"
"61","2023-04-22 22:44:18","Vulpes vulpes"
"61","2023-04-24 22:28:01","Vulpes vulpes"
"61","2023-04-25 22:03:51","Vulpes vulpes"
"61","2023-04-27 22:23:02","Vulpes vulpes"
"61","2023-04-27 23:29:14","Vulpes vulpes"
"61","2023-04-28 01:40:54","Vulpes vulpes"
"61","2023-04-29 21:17:20","Vulpes vulpes"
"61","2023-04-30 20:10:08","Vulpes vulpes"
"61","2023-05-10 23:18:25","Vulpes vulpes"
"61","2023-05-12 15:28:32","Vulpes vulpes"
"61","2023-05-14 15:03:30","Vulpes vulpes"
"61","2023-05-15 00:37:22","Vulpes vulpes"
"61","2023-05-25 12:59:08","Vulpes vulpes"
"61","2023-06-03 23:38:56","Vulpes vulpes"
"61","2023-06-07 19:47:58","Vulpes vulpes"
"61","2023-06-08 22:09:55","Vulpes vulpes"
"61","2023-06-18 05:13:43","Vulpes vulpes"
"61","2023-06-23 21:40:33","Vulpes vulpes"
"61","2023-07-11 21:11:44","Vulpes vulpes"
"61","2023-07-21 03:51:05","Vulpes vulpes"
"61","2023-07-22 01:05:53","Vulpes vulpes"
"61","2023-07-25 21:45:11","Vulpes vulpes"
"61","2023-07-30 19:57:18","Vulpes vulpes"
"61","2023-08-05 03:34:00","Vulpes vulpes"
"61","2023-08-13 03:43:32","Vulpes vulpes"
"61","2023-08-14 23:42:09","Vulpes vulpes"
"61","2023-08-16 02:58:51","Vulpes vulpes"
"61","2023-08-16 04:25:22","Vulpes vulpes"
"61","2023-08-20 20:03:47","Vulpes vulpes"
"61","2023-08-21 22:44:02","Vulpes vulpes"
"61","2023-10-18 14:47:02","Vulpes vulpes"
"61","2023-10-21 10:42:29","Vulpes vulpes"
"61","2023-11-21 22:56:21","Vulpes vulpes"
"61","2023-12-30 12:41:56","Vulpes vulpes"
"62","2022-06-23 20:03:28","Vulpes vulpes"
"63","2022-07-19 05:35:24","Vulpes vulpes"
"63","2022-08-10 19:36:29","Vulpes vulpes"
"63","2023-07-29 04:18:42","Vulpes vulpes"
"63","2023-08-03 22:26:33","Vulpes vulpes"
"63","2023-08-11 02:54:03","Vulpes vulpes"
"63","2023-08-29 19:48:17","Vulpes vulpes"
"63","2023-09-23 07:35:41","Vulpes vulpes"
"65","2022-06-17 02:07:07","Vulpes vulpes"
"65","2022-06-17 08:10:27","Vulpes vulpes"
"65","2022-06-17 23:38:55","Lepus granatensis"
"65","2022-06-21 01:23:50","Lepus granatensis"
"65","2022-06-22 20:23:22","Vulpes vulpes"
"65","2022-06-24 20:25:01","Vulpes vulpes"
"65","2022-06-25 00:15:38","Lepus granatensis"
"65","2022-06-25 01:26:25","Vulpes vulpes"
"65","2022-06-26 20:04:26","Vulpes vulpes"
"65","2022-06-27 00:39:28","Vulpes vulpes"
"65","2022-06-29 02:56:11","Genetta genetta"
"65","2022-06-29 20:23:02","Vulpes vulpes"
"65","2022-07-02 09:42:07","Vulpes vulpes"
"65","2022-07-04 00:28:19","Lepus granatensis"
"65","2022-07-05 09:23:04","Vulpes vulpes"
"65","2022-07-07 01:20:58","Lepus granatensis"
"65","2022-07-09 01:10:33","Lepus granatensis"
"65","2022-07-09 02:28:06","Lepus granatensis"
"65","2022-07-10 00:01:07","Lepus granatensis"
"65","2022-07-10 22:14:27","Lepus granatensis"
"65","2022-07-14 07:01:29","Vulpes vulpes"
"65","2022-07-16 06:27:33","Vulpes vulpes"
"65","2022-07-16 19:42:58","Vulpes vulpes"
"65","2022-07-17 01:34:27","Lepus granatensis"
"65","2022-07-18 01:53:30","Vulpes vulpes"
"65","2022-07-18 05:25:52","Vulpes vulpes"
"65","2022-07-20 16:26:31","Vulpes vulpes"
"65","2022-07-22 02:41:40","Lepus granatensis"
"65","2022-07-22 09:19:44","Vulpes vulpes"
"65","2022-07-24 03:37:15","Vulpes vulpes"
"65","2022-07-28 03:25:15","Vulpes vulpes"
"65","2022-08-02 05:22:11","Vulpes vulpes"
"65","2022-08-09 19:50:31","Vulpes vulpes"
"65","2022-08-11 05:51:51","Vulpes vulpes"
"65","2022-08-27 01:12:34","Lepus granatensis"
"65","2022-09-01 00:14:08","Vulpes vulpes"
"65","2022-09-01 23:48:38","Vulpes vulpes"
"65","2022-09-02 20:38:33","Vulpes vulpes"
"65","2022-09-02 22:51:12","Vulpes vulpes"
"65","2022-09-08 22:57:36","Vulpes vulpes"
"65","2022-09-09 02:39:29","Vulpes vulpes"
"65","2022-09-09 03:42:20","Vulpes vulpes"
"65","2022-09-18 05:00:07","Vulpes vulpes"
"65","2022-10-05 05:18:22","Vulpes vulpes"
"65","2022-10-12 20:28:32","Vulpes vulpes"
"65","2022-10-18 23:53:45","Vulpes vulpes"
"65","2022-10-19 02:05:24","Vulpes vulpes"
"65","2022-10-27 04:45:50","Vulpes vulpes"
"65","2022-11-01 19:39:56","Vulpes vulpes"
"65","2022-11-01 23:06:26","Vulpes vulpes"
"65","2022-11-04 05:21:41","Vulpes vulpes"
"65","2022-11-10 19:20:33","Vulpes vulpes"
"65","2022-11-15 22:51:21","Vulpes vulpes"
"65","2022-11-17 06:04:34","Vulpes vulpes"
"65","2022-11-30 19:53:13","Vulpes vulpes"
"65","2022-12-05 20:00:34","Vulpes vulpes"
"65","2022-12-08 05:16:59","Vulpes vulpes"
"65","2022-12-08 07:07:37","Vulpes vulpes"
"65","2022-12-09 09:58:08","Vulpes vulpes"
"65","2022-12-09 18:05:50","Vulpes vulpes"
"65","2022-12-09 18:55:35","Vulpes vulpes"
"65","2022-12-15 01:28:37","Vulpes vulpes"
"65","2022-12-17 18:14:06","Vulpes vulpes"
"65","2022-12-18 16:05:15","Vulpes vulpes"
"65","2022-12-19 18:12:29","Vulpes vulpes"
"65","2022-12-28 01:23:49","Vulpes vulpes"
"65","2022-12-30 17:29:47","Vulpes vulpes"
"65","2023-01-18 17:36:56","Vulpes vulpes"
"65","2023-01-19 19:01:54","Meles meles"
"65","2023-01-25 21:47:51","Vulpes vulpes"
"65","2023-01-26 18:49:14","Vulpes vulpes"
"65","2023-01-31 00:33:01","Vulpes vulpes"
"65","2023-01-31 21:55:25","Lepus granatensis"
"65","2023-02-02 01:32:02","Vulpes vulpes"
"65","2023-02-02 01:55:13","Lepus granatensis"
"65","2023-02-03 00:44:55","Lepus granatensis"
"65","2023-02-03 19:30:48","Lepus granatensis"
"65","2023-02-05 00:05:48","Lepus granatensis"
"65","2023-02-11 21:24:44","Vulpes vulpes"
"65","2023-02-12 01:16:52","Lepus granatensis"
"65","2023-02-14 06:29:41","Vulpes vulpes"
"65","2023-03-07 13:51:58","Vulpes vulpes"
"65","2023-03-15 01:23:40","Lepus granatensis"
"65","2023-03-26 01:10:19","Lepus granatensis"
"65","2023-03-26 01:55:21","Lepus granatensis"
"65","2023-03-26 06:18:23","Vulpes vulpes"
"65","2023-03-28 02:22:36","Lepus granatensis"
"65","2023-03-29 02:09:14","Lepus granatensis"
"65","2023-04-03 02:46:08","Lepus granatensis"
"65","2023-04-11 00:35:58","Meles meles"
"65","2023-04-13 11:07:43","Herpestes ichneumon"
"65","2023-04-18 01:17:55","Lepus granatensis"
"65","2023-04-19 01:23:59","Vulpes vulpes"
"65","2023-04-20 04:17:50","Vulpes vulpes"
"65","2023-04-20 04:57:08","Vulpes vulpes"
"65","2023-04-25 03:36:45","Vulpes vulpes"
"65","2023-04-27 20:06:08","Meles meles"
"65","2023-04-28 02:28:48","Vulpes vulpes"
"65","2023-04-30 07:32:39","Vulpes vulpes"
"65","2023-05-07 23:17:26","Vulpes vulpes"
"65","2023-05-09 00:56:09","Vulpes vulpes"
"65","2023-05-09 23:50:26","Vulpes vulpes"
"65","2023-05-10 23:39:55","Vulpes vulpes"
"65","2023-05-22 21:10:07","Vulpes vulpes"
"65","2023-05-22 21:56:03","Vulpes vulpes"
"65","2023-05-28 02:34:46","Vulpes vulpes"
"65","2023-05-28 04:02:55","Vulpes vulpes"
"65","2023-06-02 03:28:43","Vulpes vulpes"
"65","2023-06-04 00:03:38","Vulpes vulpes"
"65","2023-06-07 19:43:41","Vulpes vulpes"
"65","2023-06-16 01:51:25","Lepus granatensis"
"65","2023-06-17 00:29:42","Lepus granatensis"
"65","2023-06-23 22:48:08","Vulpes vulpes"
"65","2023-07-08 20:53:29","Vulpes vulpes"
"65","2023-07-09 23:15:32","Lepus granatensis"
"65","2023-07-11 00:21:22","Lepus granatensis"
"65","2023-07-11 01:08:45","Lepus granatensis"
"65","2023-07-12 21:06:37","Vulpes vulpes"
"65","2023-07-12 21:41:47","Lepus granatensis"
"65","2023-07-16 00:58:24","Lepus granatensis"
"65","2023-07-17 23:04:32","Lepus granatensis"
"65","2023-07-19 21:22:55","Lepus granatensis"
"65","2023-07-25 04:45:07","Vulpes vulpes"
"65","2023-07-28 22:25:17","Lepus granatensis"
"65","2023-07-30 23:52:42","Lepus granatensis"
"65","2023-08-01 02:10:36","Lepus granatensis"
"65","2023-08-03 01:33:07","Lepus granatensis"
"65","2023-08-04 21:10:05","Vulpes vulpes"
"65","2023-08-05 00:35:45","Lepus granatensis"
"65","2023-08-07 02:07:06","Lepus granatensis"
"65","2023-08-07 06:27:15","Vulpes vulpes"
"65","2023-08-10 03:39:56","Vulpes vulpes"
"65","2023-08-12 21:47:01","Lepus granatensis"
"65","2023-08-19 00:35:23","Lepus granatensis"
"65","2023-08-25 05:12:29","Lepus granatensis"
"65","2023-08-26 21:20:33","Lepus granatensis"
"65","2023-09-09 04:27:12","Vulpes vulpes"
"65","2023-09-09 05:14:04","Vulpes vulpes"
"65","2023-10-13 21:53:23","Vulpes vulpes"
"65","2023-10-16 06:00:00","Vulpes vulpes"
"65","2023-10-17 10:35:18","Vulpes vulpes"
"65","2023-10-17 14:27:15","Vulpes vulpes"
"65","2023-10-18 04:49:19","Vulpes vulpes"
"65","2023-10-19 02:10:37","Vulpes vulpes"
"65","2023-10-22 05:35:10","Meles meles"
"65","2023-10-23 20:25:04","Vulpes vulpes"
"65","2023-10-26 07:47:44","Vulpes vulpes"
"65","2023-10-26 19:29:42","Vulpes vulpes"
"65","2023-10-27 05:45:46","Vulpes vulpes"
"65","2023-11-15 19:44:21","Meles meles"
"65","2023-11-22 05:33:08","Vulpes vulpes"
"65","2023-11-28 22:17:47","Vulpes vulpes"
"65","2024-01-02 19:35:03","Vulpes vulpes"
"65","2024-01-07 16:46:54","Vulpes vulpes"
"65","2024-01-13 06:41:31","Vulpes vulpes"
"66","2022-06-14 01:52:14","Vulpes vulpes"
"66","2022-06-22 03:00:19","Vulpes vulpes"
"66","2022-06-29 00:17:30","Vulpes vulpes"
"66","2022-06-29 02:57:23","Vulpes vulpes"
"66","2022-07-01 23:34:16","Vulpes vulpes"
"66","2022-08-23 21:13:09","Genetta genetta"
"66","2022-09-11 17:55:36","Vulpes vulpes"
"66","2022-10-11 04:38:18","Vulpes vulpes"
"66","2022-11-05 17:49:17","Vulpes vulpes"
"66","2022-11-08 18:31:54","Vulpes vulpes"
"66","2022-11-18 17:44:34","Vulpes vulpes"
"66","2022-11-21 21:42:11","Vulpes vulpes"
"66","2022-11-21 23:02:04","Vulpes vulpes"
"66","2022-11-25 18:39:13","Meles meles"
"66","2022-11-29 19:04:28","Vulpes vulpes"
"66","2022-12-06 17:20:46","Vulpes vulpes"
"66","2022-12-07 00:20:13","Vulpes vulpes"
"66","2022-12-20 19:01:28","Vulpes vulpes"
"66","2022-12-22 04:12:46","Vulpes vulpes"
"66","2022-12-25 19:22:39","Vulpes vulpes"
"66","2023-01-24 05:25:06","Vulpes vulpes"
"66","2023-02-01 20:15:54","Vulpes vulpes"
"66","2023-02-01 20:52:09","Vulpes vulpes"
"66","2023-02-02 00:25:36","Vulpes vulpes"
"66","2023-02-02 18:08:47","Vulpes vulpes"
"66","2023-02-03 22:57:05","Meles meles"
"66","2023-02-04 18:13:17","Vulpes vulpes"
"66","2023-02-10 21:22:44","Vulpes vulpes"
"66","2023-02-10 22:11:01","Vulpes vulpes"
"66","2023-02-13 22:46:40","Vulpes vulpes"
"66","2023-02-14 21:49:33","Vulpes vulpes"
"66","2023-02-25 23:35:38","Vulpes vulpes"
"66","2023-03-03 21:57:38","Vulpes vulpes"
"66","2023-03-04 00:27:06","Vulpes vulpes"
"66","2023-03-05 00:54:12","Vulpes vulpes"
"66","2023-03-05 03:59:46","Vulpes vulpes"
"66","2023-03-05 05:31:56","Vulpes vulpes"
"66","2023-03-11 15:26:45","Vulpes vulpes"
"66","2024-01-02 21:16:39","Vulpes vulpes"
"68","2022-10-01 05:27:39","Genetta genetta"
"6B","2021-11-04 19:56:14","Vulpes vulpes"
"6B","2021-11-06 09:48:49","Vulpes vulpes"
"6B","2021-11-08 22:12:58","Vulpes vulpes"
"6B","2021-11-14 19:42:19","Vulpes vulpes"
"6B","2021-11-15 03:31:06","Vulpes vulpes"
"6B","2021-11-18 02:12:52","Vulpes vulpes"
"6B","2021-11-18 09:39:35","Vulpes vulpes"
"6B","2021-11-23 11:15:46","Herpestes ichneumon"
"6B","2021-11-27 09:51:38","Vulpes vulpes"
"6B","2021-11-27 18:28:22","Vulpes vulpes"
"6B","2021-11-30 06:25:12","Vulpes vulpes"
"6B","2021-12-02 19:15:10","Vulpes vulpes"
"6B","2021-12-04 11:00:56","Vulpes vulpes"
"6B","2021-12-06 18:33:34","Vulpes vulpes"
"6B","2021-12-09 13:30:57","Vulpes vulpes"
"6B","2021-12-15 21:13:55","Vulpes vulpes"
"6B","2021-12-16 20:14:21","Vulpes vulpes"
"6B","2021-12-20 06:19:55","Vulpes vulpes"
"6B","2021-12-24 16:31:30","Vulpes vulpes"
"6B","2021-12-29 18:20:01","Vulpes vulpes"
"6B","2022-01-07 18:14:51","Vulpes vulpes"
"6B","2022-01-07 23:41:50","Vulpes vulpes"
"6B","2022-01-09 18:52:53","Vulpes vulpes"
"6B","2022-01-13 11:45:44","Vulpes vulpes"
"6B","2022-01-13 18:30:23","Vulpes vulpes"
"6B","2022-01-13 19:35:59","Vulpes vulpes"
"6B","2022-01-14 00:08:24","Oryctolagus cuniculus"
"6B","2022-01-14 00:41:57","Oryctolagus cuniculus"
"6B","2022-01-16 13:44:30","Vulpes vulpes"
"6B","2022-01-18 18:36:56","Vulpes vulpes"
"6B","2022-01-19 22:00:40","Oryctolagus cuniculus"
"6B","2022-01-20 18:45:14","Meles meles"
"6B","2022-01-22 21:23:05","Vulpes vulpes"
"6B","2022-01-23 19:30:02","Vulpes vulpes"
"6B","2022-01-23 23:17:04","Vulpes vulpes"
"6B","2022-01-30 05:32:56","Vulpes vulpes"
"6B","2022-02-05 22:18:15","Vulpes vulpes"
"6B","2022-02-10 20:33:03","Vulpes vulpes"
"6B","2022-02-14 19:20:11","Vulpes vulpes"
"6B","2022-02-15 00:56:06","Oryctolagus cuniculus"
"6B","2022-02-17 12:50:38","Vulpes vulpes"
"6B","2022-02-18 22:18:42","Vulpes vulpes"
"6B","2022-02-21 00:10:15","Vulpes vulpes"
"6B","2022-02-21 19:16:48","Vulpes vulpes"
"6B","2022-02-21 23:00:18","Vulpes vulpes"
"6B","2022-02-22 03:36:18","Oryctolagus cuniculus"
"6B","2022-02-23 18:52:57","Vulpes vulpes"
"6B","2022-02-26 00:03:10","Vulpes vulpes"
"6B","2022-03-03 21:18:59","Vulpes vulpes"
"6B","2022-03-04 06:09:59","Vulpes vulpes"
"6B","2022-03-04 20:23:59","Meles meles"
"6B","2022-03-07 19:49:30","Vulpes vulpes"
"6B","2022-03-08 17:34:58","Vulpes vulpes"
"6B","2022-03-15 16:39:06","Vulpes vulpes"
"6B","2022-03-18 23:52:55","Vulpes vulpes"
"6B","2022-03-22 19:07:24","Vulpes vulpes"
"6B","2022-03-27 22:22:31","Vulpes vulpes"
"6B","2022-03-31 19:39:40","Vulpes vulpes"
"6B","2022-04-03 00:23:45","Meles meles"
"6B","2022-04-04 04:29:33","Vulpes vulpes"
"6B","2022-04-07 15:53:42","Vulpes vulpes"
"6B","2022-04-07 21:20:18","Vulpes vulpes"
"6B","2022-04-08 09:58:10","Vulpes vulpes"
"6B","2022-04-12 12:09:17","Vulpes vulpes"
"6B","2022-04-17 02:16:31","Vulpes vulpes"
"6B","2022-04-19 20:13:42","Vulpes vulpes"
"6B","2022-04-24 11:53:06","Vulpes vulpes"
"6B","2022-05-06 18:57:31","Vulpes vulpes"
"6B","2022-06-20 17:15:04","Vulpes vulpes"
"6B","2023-01-23 13:41:36","Vulpes vulpes"
"6B","2023-04-19 05:30:30","Vulpes vulpes"
"6B","2023-06-28 18:04:04","Vulpes vulpes"
"6B","2023-08-23 20:58:31","Vulpes vulpes"
"6B","2023-08-27 04:39:38","Oryctolagus cuniculus"
"6B","2023-08-29 05:28:04","Oryctolagus cuniculus"
"6B","2023-08-29 20:13:51","Vulpes vulpes"
"6B","2023-08-29 21:05:48","Vulpes vulpes"
"6B","2023-08-30 06:38:49","Vulpes vulpes"
"6B","2023-08-30 20:10:31","Vulpes vulpes"
"6B","2023-09-01 00:41:41","Oryctolagus cuniculus"
"6B","2023-09-02 00:59:53","Oryctolagus cuniculus"
"6B","2023-09-08 21:12:35","Oryctolagus cuniculus"
"6B","2023-09-11 04:49:18","Oryctolagus cuniculus"
"6B","2023-09-11 19:01:15","Oryctolagus cuniculus"
"6B","2023-09-13 00:17:18","Oryctolagus cuniculus"
"6B","2023-09-14 02:30:49","Oryctolagus cuniculus"
"6B","2023-09-15 00:59:47","Vulpes vulpes"
"6B","2023-09-16 23:41:31","Oryctolagus cuniculus"
"6B","2023-09-20 02:39:03","Oryctolagus cuniculus"
"6B","2023-09-20 19:36:17","Oryctolagus cuniculus"
"6B","2023-09-21 20:06:32","Oryctolagus cuniculus"
"6B","2023-09-25 02:38:20","Oryctolagus cuniculus"
"6B","2023-09-28 19:59:13","Vulpes vulpes"
"6B","2023-09-30 03:48:44","Vulpes vulpes"
"6B","2023-10-01 05:03:15","Vulpes vulpes"
"6B","2023-10-01 07:10:52","Oryctolagus cuniculus"
"6B","2023-10-03 14:52:52","Oryctolagus cuniculus"
"6B","2023-10-04 21:08:27","Vulpes vulpes"
"6B","2023-10-06 00:20:46","Vulpes vulpes"
"6B","2023-10-07 20:04:11","Vulpes vulpes"
"6B","2023-10-08 00:51:00","Vulpes vulpes"
"6B","2023-10-16 05:59:51","Oryctolagus cuniculus"
"6B","2023-10-19 22:04:24","Oryctolagus cuniculus"
"6B","2023-10-27 20:17:26","Vulpes vulpes"
"6B","2023-10-29 05:36:43","Oryctolagus cuniculus"
"6B","2023-10-29 23:32:08","Oryctolagus cuniculus"
"6B","2023-10-31 06:06:54","Oryctolagus cuniculus"
"6B","2023-11-01 23:18:55","Oryctolagus cuniculus"
"6B","2023-11-03 18:02:44","Oryctolagus cuniculus"
"6B","2023-11-03 20:54:34","Oryctolagus cuniculus"
"6B","2023-11-06 17:33:57","Oryctolagus cuniculus"
"6B","2023-11-06 19:08:26","Oryctolagus cuniculus"
"6B","2023-11-07 22:47:27","Oryctolagus cuniculus"
"6B","2023-11-08 01:53:51","Genetta genetta"
"6B","2023-11-09 20:11:24","Oryctolagus cuniculus"
"6B","2023-11-11 02:57:20","Oryctolagus cuniculus"
"6B","2023-11-11 23:59:57","Vulpes vulpes"
"6B","2023-11-13 17:26:04","Oryctolagus cuniculus"
"6B","2023-11-13 22:01:17","Oryctolagus cuniculus"
"6B","2023-11-13 22:58:21","Oryctolagus cuniculus"
"6B","2023-11-14 17:29:33","Oryctolagus cuniculus"
"6B","2023-11-15 00:05:15","Oryctolagus cuniculus"
"6B","2023-11-22 16:18:31","Vulpes vulpes"
"6B","2023-11-23 15:47:44","Vulpes vulpes"
"6B","2023-12-10 19:26:34","Vulpes vulpes"
"6B","2023-12-13 17:24:26","Oryctolagus cuniculus"
"6B","2023-12-16 17:53:46","Oryctolagus cuniculus"
"6B","2023-12-19 15:55:15","Oryctolagus cuniculus"
"6B","2023-12-20 16:51:33","Vulpes vulpes"
"6B","2023-12-20 18:11:07","Vulpes vulpes"
"6B","2023-12-22 09:34:09","Vulpes vulpes"
"6B","2023-12-27 18:30:43","Vulpes vulpes"
"6B","2023-12-29 07:27:01","Vulpes vulpes"
"6B","2023-12-29 20:02:54","Vulpes vulpes"
"6B","2024-01-02 17:20:06","Vulpes vulpes"
"6B","2024-01-03 00:46:52","Vulpes vulpes"
"6B","2024-01-03 11:20:51","Vulpes vulpes"
"6B","2024-01-03 18:19:38","Vulpes vulpes"
"6B","2024-01-08 17:32:10","Vulpes vulpes"
"6B","2024-01-08 18:42:17","Vulpes vulpes"
"6B","2024-01-10 17:30:57","Vulpes vulpes"
"7","2021-01-25 18:16:48","Vulpes vulpes"
"7","2021-02-11 05:05:31","Meles meles"
"7","2021-04-06 23:41:54","Genetta genetta"
"7","2021-04-07 04:37:04","Meles meles"
"7","2021-04-09 05:06:12","Meles meles"
"7","2021-04-12 02:36:30","Genetta genetta"
"7","2021-04-13 05:08:19","Genetta genetta"
"7","2021-04-13 19:54:52","Genetta genetta"
"7","2021-04-14 14:54:18","Vulpes vulpes"
"7","2021-04-15 02:25:57","Genetta genetta"
"7","2021-04-15 07:38:51","Vulpes vulpes"
"7","2021-04-15 20:35:03","Meles meles"
"7","2021-04-18 03:25:45","Meles meles"
"7","2021-04-24 00:01:14","Vulpes vulpes"
"7","2021-04-24 20:41:39","Meles meles"
"7","2021-04-25 02:32:30","Vulpes vulpes"
"7","2021-04-25 03:14:23","Vulpes vulpes"
"7","2021-04-29 22:38:10","Genetta genetta"
"7","2021-04-30 23:50:42","Vulpes vulpes"
"7","2021-05-02 23:47:27","Vulpes vulpes"
"7","2021-05-05 22:52:09","Genetta genetta"
"7","2021-05-09 00:26:36","Meles meles"
"7","2021-05-09 00:26:39","Vulpes vulpes"
"7","2021-05-09 20:14:23","Genetta genetta"
"7","2021-05-10 02:14:14","Vulpes vulpes"
"7","2021-05-10 19:54:54","Vulpes vulpes"
"7","2021-05-13 02:50:40","Genetta genetta"
"7","2021-05-16 21:45:33","Vulpes vulpes"
"7","2021-05-17 23:29:09","Genetta genetta"
"7","2021-05-20 04:26:16","Genetta genetta"
"7","2021-05-22 20:13:37","Meles meles"
"7","2021-05-25 11:58:04","Vulpes vulpes"
"7","2021-05-25 20:59:26","Meles meles"
"7","2021-05-25 21:14:36","Genetta genetta"
"7","2021-05-26 01:42:25","Vulpes vulpes"
"7","2021-05-27 00:24:19","Genetta genetta"
"7","2021-05-28 03:46:11","Vulpes vulpes"
"7","2021-05-31 23:46:49","Vulpes vulpes"
"7","2021-06-01 21:00:34","Meles meles"
"7","2021-06-03 20:44:25","Meles meles"
"7","2021-06-04 20:26:37","Vulpes vulpes"
"7","2021-06-05 20:15:48","Vulpes vulpes"
"7","2021-06-05 22:43:46","Genetta genetta"
"7","2021-06-08 04:54:50","Vulpes vulpes"
"7","2021-06-13 20:58:25","Vulpes vulpes"
"7","2021-06-15 18:25:09","Meles meles"
"7","2021-06-16 16:25:03","Vulpes vulpes"
"7","2021-06-16 20:25:14","Vulpes vulpes"
"7","2021-06-17 20:59:05","Vulpes vulpes"
"7","2021-06-21 03:24:27","Vulpes vulpes"
"7","2021-06-21 23:41:55","Vulpes vulpes"
"7","2021-06-22 01:14:43","Vulpes vulpes"
"7","2021-06-22 04:39:14","Meles meles"
"7","2021-06-22 06:13:27","Vulpes vulpes"
"7","2021-06-22 18:15:59","Vulpes vulpes"
"7","2021-06-22 21:51:22","Vulpes vulpes"
"7","2021-06-23 00:51:49","Vulpes vulpes"
"7","2021-06-23 20:10:44","Vulpes vulpes"
"7","2021-06-24 02:52:02","Vulpes vulpes"
"7","2021-06-25 04:57:51","Vulpes vulpes"
"7","2021-06-26 03:22:39","Meles meles"
"7","2021-06-30 19:50:10","Vulpes vulpes"
"7","2021-07-02 01:49:35","Vulpes vulpes"
"7","2021-07-07 23:15:09","Genetta genetta"
"7","2021-07-09 04:41:07","Meles meles"
"7","2021-07-10 04:37:44","Meles meles"
"7","2021-08-08 03:23:17","Genetta genetta"
"7","2021-08-27 19:15:55","Vulpes vulpes"
"7","2021-08-28 03:32:36","Meles meles"
"7","2021-08-29 03:21:05","Genetta genetta"
"7","2021-08-29 12:28:41","Vulpes vulpes"
"7","2021-08-29 13:36:07","Vulpes vulpes"
"7","2021-08-30 18:43:48","Vulpes vulpes"
"7","2021-08-31 11:10:50","Vulpes vulpes"
"7","2021-09-01 10:41:56","Vulpes vulpes"
"7","2021-09-01 11:48:51","Vulpes vulpes"
"7","2021-09-15 19:53:10","Vulpes vulpes"
"7","2021-09-15 23:06:58","Meles meles"
"7","2021-09-16 22:18:05","Vulpes vulpes"
"7","2021-09-17 19:11:01","Meles meles"
"7","2021-09-18 03:30:04","Vulpes vulpes"
"7","2021-09-18 21:42:26","Vulpes vulpes"
"7","2021-09-21 06:01:31","Vulpes vulpes"
"7","2021-09-27 05:17:03","Meles meles"
"7","2021-10-05 00:35:17","Meles meles"
"7","2021-10-05 22:27:21","Genetta genetta"
"7","2021-10-05 22:44:53","Meles meles"
"7B","2021-11-14 03:23:45","Vulpes vulpes"
"7B","2021-12-02 07:21:38","Vulpes vulpes"
"7B","2021-12-03 05:08:07","Meles meles"
"7B","2021-12-11 12:32:08","Vulpes vulpes"
"7B","2021-12-15 20:54:25","Vulpes vulpes"
"7B","2022-01-12 23:41:01","Meles meles"
"7B","2022-02-22 07:44:14","Vulpes vulpes"
"7B","2022-03-11 06:32:34","Vulpes vulpes"
"7B","2022-04-02 04:15:46","Meles meles"
"7B","2022-04-02 05:00:13","Meles meles"
"7B","2022-07-07 13:57:24","Herpestes ichneumon"
"7B","2022-12-20 02:01:21","Meles meles"
"7B","2023-03-28 21:05:58","Vulpes vulpes"
"7B","2023-05-20 00:17:11","Genetta genetta"
"7B","2023-06-02 04:38:44","Vulpes vulpes"
"7B","2023-08-06 05:11:07","Vulpes vulpes"
"7B","2023-09-29 02:51:25","Vulpes vulpes"
"7B","2023-11-07 01:42:27","Vulpes vulpes"
"7B","2023-12-20 17:38:07","Vulpes vulpes"
"8","2023-01-19 20:01:59","Vulpes vulpes"
"9","2021-03-25 20:20:08","Vulpes vulpes"
"9","2021-04-19 01:33:38","Vulpes vulpes"
"9","2021-05-04 05:15:34","Vulpes vulpes"
"9","2021-05-10 23:09:50","Vulpes vulpes"
"9","2021-05-23 07:10:23","Vulpes vulpes"
"9","2021-06-06 00:48:08","Genetta genetta"
"9","2021-06-18 05:26:25","Vulpes vulpes"
"9","2021-06-24 06:26:22","Herpestes ichneumon"
"9","2021-07-05 06:56:56","Herpestes ichneumon"
"9","2021-07-08 02:31:32","Vulpes vulpes"
"9","2021-07-13 04:00:48","Vulpes vulpes"
"9","2021-07-30 01:19:25","Vulpes vulpes"
"9","2021-08-01 01:13:18","Genetta genetta"
"9","2021-08-03 00:25:53","Meles meles"
"9","2021-08-07 02:22:45","Vulpes vulpes"
"9","2021-08-09 00:45:55","Meles meles"
"9","2021-08-09 02:01:09","Meles meles"
"9","2021-08-09 02:01:13","Vulpes vulpes"
"9","2021-08-10 03:04:00","Vulpes vulpes"
"9","2021-08-18 22:15:05","Meles meles"
"9","2021-08-19 02:25:22","Vulpes vulpes"
"9","2021-08-19 20:48:10","Vulpes vulpes"
"9","2021-08-20 20:46:32","Vulpes vulpes"
"9","2021-08-21 22:26:39","Meles meles"
"9","2021-08-22 03:44:11","Vulpes vulpes"
"9","2021-08-30 08:36:24","Herpestes ichneumon"
"9","2021-08-31 02:16:55","Meles meles"
"9","2021-09-14 19:52:57","Vulpes vulpes"
"9","2021-09-22 18:02:02","Vulpes vulpes"
"9","2021-09-24 00:56:35","Vulpes vulpes"
"9","2021-09-24 02:46:44","Vulpes vulpes"
"9","2021-09-24 18:46:30","Vulpes vulpes"
"9","2021-09-25 02:18:03","Vulpes vulpes"
"9","2021-09-25 19:14:37","Vulpes vulpes"
"9","2021-09-26 02:12:13","Vulpes vulpes"
"9","2021-09-27 18:35:52","Vulpes vulpes"
"9","2021-09-28 22:42:32","Vulpes vulpes"
"9","2021-10-03 21:17:49","Vulpes vulpes"
"9","2021-10-05 04:25:44","Vulpes vulpes"
"9","2021-10-17 19:55:04","Vulpes vulpes"
"9","2021-10-19 05:36:26","Vulpes vulpes"
"9","2021-11-04 15:58:20","Herpestes ichneumon"
"9","2021-11-05 22:44:17","Genetta genetta"
"9","2021-11-06 02:47:11","Meles meles"
"9","2021-11-08 04:20:06","Vulpes vulpes"
"9","2021-11-10 20:09:53","Vulpes vulpes"
"9","2021-11-16 00:51:25","Vulpes vulpes"
"9","2021-11-20 18:01:49","Vulpes vulpes"
"9","2021-11-29 18:13:38","Genetta genetta"
"9","2021-12-08 11:04:19","Vulpes vulpes"
"9","2021-12-09 16:19:14","Vulpes vulpes"
"9","2021-12-11 10:16:47","Herpestes ichneumon"
"9","2021-12-18 04:45:11","Vulpes vulpes"
"9","2021-12-19 17:26:22","Herpestes ichneumon"
"9","2021-12-30 11:33:12","Herpestes ichneumon"
"9","2022-01-09 21:09:18","Vulpes vulpes"
"9","2022-01-13 16:06:28","Herpestes ichneumon"
"9","2022-01-21 14:49:29","Vulpes vulpes"
"9","2022-01-23 20:41:52","Meles meles"
"9","2022-01-25 23:16:17","Vulpes vulpes"
"9","2022-01-30 00:01:05","Vulpes vulpes"
"9","2022-01-31 01:59:29","Vulpes vulpes"
"9","2022-02-01 16:19:41","Herpestes ichneumon"
"9","2022-02-03 06:07:42","Vulpes vulpes"
"9","2022-02-04 10:09:27","Herpestes ichneumon"
"9","2022-02-05 23:50:22","Vulpes vulpes"
"9","2022-02-07 20:35:28","Meles meles"
"9","2022-02-13 21:17:42","Vulpes vulpes"
"9","2022-02-13 21:48:38","Vulpes vulpes"
"9","2022-02-13 23:06:01","Vulpes vulpes"
"9","2022-02-14 02:59:17","Vulpes vulpes"
"9","2022-02-14 23:12:20","Vulpes vulpes"
"9","2022-02-15 21:29:03","Vulpes vulpes"
"9","2022-02-28 19:03:49","Vulpes vulpes"
"9","2022-03-02 04:15:44","Lepus granatensis"
"9","2022-03-03 19:55:36","Meles meles"
"9","2022-03-04 08:38:30","Herpestes ichneumon"
"9","2022-03-07 03:50:37","Vulpes vulpes"
"9","2022-03-10 20:43:16","Meles meles"
"9","2022-03-10 20:48:39","Lepus granatensis"
"9","2022-03-13 01:19:54","Lepus granatensis"
"9","2022-03-13 23:04:19","Lepus granatensis"
"9","2022-03-14 01:22:01","Lepus granatensis"
"9","2022-03-14 03:34:37","Lepus granatensis"
"9","2022-03-16 20:19:19","Meles meles"
"9","2022-03-18 04:37:40","Lepus granatensis"
"9","2022-03-19 22:53:32","Lepus granatensis"
"9","2022-03-20 21:58:23","Lepus granatensis"
"9","2022-03-21 01:47:01","Lepus granatensis"
"9","2022-03-23 17:14:56","Vulpes vulpes"
"9","2022-03-25 12:03:31","Vulpes vulpes"
"9","2022-03-25 14:59:38","Vulpes vulpes"
"9","2022-03-26 21:40:50","Vulpes vulpes"
"9","2022-03-27 23:46:36","Vulpes vulpes"
"9","2022-03-28 02:49:42","Vulpes vulpes"
"9","2022-03-28 04:11:16","Vulpes vulpes"
"9","2022-03-28 04:48:49","Vulpes vulpes"
"9","2022-03-28 07:19:39","Vulpes vulpes"
"9","2022-03-28 15:02:58","Vulpes vulpes"
"9","2022-03-28 21:47:01","Vulpes vulpes"
"9","2022-03-29 04:12:34","Vulpes vulpes"
"9","2022-03-29 07:44:06","Vulpes vulpes"
"9","2022-03-31 02:01:52","Vulpes vulpes"
"9","2022-03-31 05:48:55","Vulpes vulpes"
"9","2022-03-31 16:35:09","Vulpes vulpes"
"9","2022-04-01 14:58:25","Vulpes vulpes"
"9","2022-04-01 16:12:19","Vulpes vulpes"
"9","2022-04-02 03:03:08","Vulpes vulpes"
"9","2022-04-02 19:01:14","Vulpes vulpes"
"9","2022-04-03 05:55:22","Vulpes vulpes"
"9","2022-04-03 12:00:21","Herpestes ichneumon"
"9","2022-04-03 22:55:09","Vulpes vulpes"
"9","2022-04-03 23:41:50","Vulpes vulpes"
"9","2022-04-04 18:51:03","Vulpes vulpes"
"9","2022-04-07 22:23:15","Lepus granatensis"
"9","2022-04-08 18:44:26","Vulpes vulpes"
"9","2022-04-09 23:50:55","Vulpes vulpes"
"9","2022-04-10 01:49:06","Vulpes vulpes"
"9","2022-04-10 20:00:56","Vulpes vulpes"
"9","2022-04-13 21:35:25","Meles meles"
"9","2022-04-16 22:01:51","Vulpes vulpes"
"9","2022-04-17 20:46:01","Vulpes vulpes"
"9","2022-04-23 03:31:28","Vulpes vulpes"
"9","2022-04-23 23:21:42","Vulpes vulpes"
"9","2022-04-25 22:26:43","Vulpes vulpes"
"9","2022-04-28 19:03:08","Vulpes vulpes"
"9","2022-04-28 22:10:54","Meles meles"
"9","2022-05-05 17:23:49","Vulpes vulpes"
